Author,Title,Year of publication,,Country of study,Native or invasive,Days collected,Number collected,One day collection,Density per day,Mosquito stage reclassification,Biting indoor or outdoor,Resting indoor or outdoor,Breeding site,Condensed breeding site,Collection_method,Condensed collection method,Method,Origin
Hamideh Edalat1 ; Mehran Mahmoudi1 ; Mohammad Mehdi Sedaghat1 ; Seyed Hassan Moosa-Kazemi1 ; Sedigheh Kheirandish2,"Ecology of Malaria Vectors in an Endemic Area, Southeast of Iran",2020,,Iran,Native,313,32,0.102236422,,Adult,,Outdoor,,,Pit shelter,Aspiration targeting resting mosquitoes,r,n
Hamideh Edalat1 ; Mehran Mahmoudi1 ; Mohammad Mehdi Sedaghat1 ; Seyed Hassan Moosa-Kazemi1 ; Sedigheh Kheirandish2,"Ecology of Malaria Vectors in an Endemic Area, Southeast of Iran",2020,,Iran,Native,313,6,0.019169329,,Adult,,,,,CDC light trap,Mechanical trap,b,n
Hamideh Edalat1 ; Mehran Mahmoudi1 ; Mohammad Mehdi Sedaghat1 ; Seyed Hassan Moosa-Kazemi1 ; Sedigheh Kheirandish2,"Ecology of Malaria Vectors in an Endemic Area, Southeast of Iran",2020,,Iran,Native,313,15,0.047923323,,Adult,Indoor,Outdoor,,,Window exit trap,Passive trap,r,n
Hamideh Edalat1 ; Mehran Mahmoudi1 ; Mohammad Mehdi Sedaghat1 ; Seyed Hassan Moosa-Kazemi1 ; Sedigheh Kheirandish2,"Ecology of Malaria Vectors in an Endemic Area, Southeast of Iran",2020,,Iran,Native,313,10,0.031948882,,Adult,,,,,Human landing catch,Host seeking human baited trap,b,n
Hamideh Edalat1 ; Mehran Mahmoudi1 ; Mohammad Mehdi Sedaghat1 ; Seyed Hassan Moosa-Kazemi1 ; Sedigheh Kheirandish2,"Ecology of Malaria Vectors in an Endemic Area, Southeast of Iran",2020,,Iran,Native,313,256,0.817891374,,Adult,Indoor,,,,Total catch,Aspiration targeting resting mosquitoes,r,n
Hamideh Edalat1 ; Mehran Mahmoudi1 ; Mohammad Mehdi Sedaghat1 ; Seyed Hassan Moosa-Kazemi1 ; Sedigheh Kheirandish2,"Ecology of Malaria Vectors in an Endemic Area, Southeast of Iran",2020,,Iran,Native,313,9,0.028753994,,Adult,Outdoor,,,,Cow baited trap,Host seeking animal baited trap,b,n
Hamideh Edalat1 ; Mehran Mahmoudi1 ; Mohammad Mehdi Sedaghat1 ; Seyed Hassan Moosa-Kazemi1 ; Sedigheh Kheirandish2,"Ecology of Malaria Vectors in an Endemic Area, Southeast of Iran",2020,,Iran,Native,260,100,0.384615385,0.019230769,Larvae,,,,,Dipping,Aquatic larval collection,,n
Hamideh Edalat1 ; Mehran Mahmoudi1 ; Mohammad Mehdi Sedaghat1 ; Seyed Hassan Moosa-Kazemi1 ; Sedigheh Kheirandish2,"Ecology of Malaria Vectors in an Endemic Area, Southeast of Iran",2020,,Iran,Native,313,32,0.1,,Adult,,Outdoor,,,Pit shelter,Aspiration targeting resting mosquitoes,r,n
Hamideh Edalat1 ; Mehran Mahmoudi1 ; Mohammad Mehdi Sedaghat1 ; Seyed Hassan Moosa-Kazemi1 ; Sedigheh Kheirandish2,"Ecology of Malaria Vectors in an Endemic Area, Southeast of Iran",2020,,Iran,Native,313,6,0.019,,Adult,,,,,CDC light trap,Mechanical trap,b,n
"A. G. Gayan Dharmasiri,Â A. Yashan Perera, Jeevanie Harishchandra, Hemantha Herath, Kandasamy Aravindan,  H. T. R. Jayasooriya, Gaya R. Ranawaka, & Mihirini Hewavitharane",First record of Anopheles stephensi in Sri Lanka: a potential challenge for prevention of malaria reintroduction,2017,,Sri Lanka,Invasive,107,1506,14.07476636,0.028149533,Larvae,,,Wells,Drinking water reservoirs,Dipping,Aquatic larval collection,,i
"A. G. Gayan Dharmasiri,Â A. Yashan Perera, Jeevanie Harishchandra, Hemantha Herath, Kandasamy Aravindan,  H. T. R. Jayasooriya, Gaya R. Ranawaka, & Mihirini Hewavitharane",First record of Anopheles stephensiÂ in Sri Lanka: a potential challenge for prevention of malaria reintroduction,2017,,Sri Lanka,Invasive,107,38,0.355140187,0.00071028,Larvae,,,Barrels,Drinking water reservoirs,Dipping,Aquatic larval collection,,i
"A. G. Gayan Dharmasiri,Â A. Yashan Perera, Jeevanie Harishchandra, Hemantha Herath, Kandasamy Aravindan,  H. T. R. Jayasooriya, Gaya R. Ranawaka, & Mihirini Hewavitharane",First record ofÂ Anopheles stephensiÂ in Sri Lanka: a potential challenge for prevention of malaria reintroduction,2017,,Sri Lanka,Invasive,129,5,0.03875969,,Adult,,Indoor,,,Pyrethrum spray catch ,Pyrethrum spray catch ,r,i
"A. G. Gayan Dharmasiri,Â A. Yashan Perera, Jeevanie Harishchandra, Hemantha Herath, Kandasamy Aravindan,  H. T. R. Jayasooriya, Gaya R. Ranawaka, & Mihirini Hewavitharane",First record ofÂ Anopheles stephensiÂ in Sri Lanka: a potential challenge for prevention of malaria reintroduction,2017,,Sri Lanka,Invasive,129,20,0.15503876,,Adult,Outdoor,,,,Cattle-baited trap,Host seeking animal baited trap,b,i
"A. G. Gayan Dharmasiri,Â A. Yashan Perera, Jeevanie Harishchandra, Hemantha Herath, Kandasamy Aravindan,  H. T. R. Jayasooriya, Gaya R. Ranawaka, & Mihirini Hewavitharane",First record ofÂ Anopheles stephensiÂ in Sri Lanka: a potential challenge for prevention of malaria reintroduction,2017,,Sri Lanka,Invasive,129,6,0.046511628,,Adult,Outdoor,,,,Donkey-baited trap,Host seeking animal baited trap,b,i
"A. G. Gayan Dharmasiri,Â A. Yashan Perera, Jeevanie Harishchandra, Hemantha Herath, Kandasamy Aravindan,  H. T. R. Jayasooriya, Gaya R. Ranawaka, & Mihirini Hewavitharane",First record ofÂ Anopheles stephensiÂ in Sri Lanka: a potential challenge for prevention of malaria reintroduction,2017,,Sri Lanka,Invasive,129,77,0.596899225,,Adult,,,,,Emergence trap collections,Passive trap,r,i
"A. G. Gayan Dharmasiri,Â A. Yashan Perera, Jeevanie Harishchandra, Hemantha Herath, Kandasamy Aravindan,  H. T. R. Jayasooriya, Gaya R. Ranawaka, & Mihirini Hewavitharane",First record ofÂ Anopheles stephensiÂ in Sri Lanka: a potential challenge for prevention of malaria reintroduction,2017,,Sri Lanka,Invasive,129,19,0.147286822,,Adult,,,,,Human landing catch,Host seeking human baited trap,b,i
"A. G. Gayan Dharmasiri,Â A. Yashan Perera, Jeevanie Harishchandra, Hemantha Herath, Kandasamy Aravindan,  H. T. R. Jayasooriya, Gaya R. Ranawaka, & Mihirini Hewavitharane",First record ofÂ Anopheles stephensiÂ in Sri Lanka: a potential challenge for prevention of malaria reintroduction,2017,,Sri Lanka,Invasive,129,1,0.007751938,,Adult,,,,,Outdoor collection,Aspiration targeting resting mosquitoes,r,i
"Michael K. Fauldea, Leopoldo M. Ruedac, Bouh A. Khairehd","First record of the Asian malaria vector Anopheles stephensi and its possible role in the resurgence of malaria in Djibouti, Horn of Africa",2014,,Djibouti,Invasive,537,50,0.09310987,,Adult,Indoor,,,,,,,i
W. K. REISEN and M. ASLAMKHAN,Biting rhythms of some Pakistan mosquitoes (Diptera: Culicidae),1978,,Pakistan,Native,12,643,53.58333333,,Adult,Outdoor,Outdoor,,,Cattle and Buffalo,Host seeking animal baited trap,b,n
"Ashwani Kumar, Rajeshwari Hosmani, Shivaji Jadhav, Trelita de Sousa, Ajeet Mohanty1 , Milind Naik, Adarsh Shettigar, Satyajit Kale, Neena Valecha, Laura Chery and Pradipsinh K. Rathod",Anopheles subpictus carry human malaria parasites in an urban area of Western India and may facilitate perennial malaria transmission,2016,,India,Native,626,334,0.533546326,,Adult,Indoor,,,,CDC light trap,Mechanical trap,b,n
"Mushtaq Ahmad, Cyril Buhler, Patricia Pignatelli, Hilary Ranson, Sami Mohammad Nahzat, Mohammad Naseem, Muhammad Farooq Sabawoon, Abdul Majeed Siddiqi & Martijn Vink",Status of insecticide resistance in high-risk malaria provinces in Afghanistan,2016,,Afghanistan,Native,65,4022,61.87692308,1.237538462,Larvae,,,,,Dipping,Aquatic larval collection,,n
"Ayman Ahmed, Rua Khogali, Mohammedâ€‘Ahmed B. Elnour, Ryo Nakao and Bashir Salim","Emergence of the invasive malaria vectorÂ Anopheles stephensiÂ in Khartoum State, Central Sudan",2021,,Sudan,Invasive,52,2,0.038461538,,Adult,,,,,Aspiration,Aspiration targeting resting mosquitoes,r,i
"A.A. Al-Ghoury, W.K. El-Hashimi and J. Abul-Hab","Epidemiology of malaria and predictions of retransmission in Babylon governorate, Iraq",2006,,Iraq,Native,313,1175,3.75399361,,Adult,,Indoor,,,Aspiration,Aspiration targeting resting mosquitoes,r,n
"A.A. Al-Ghoury, W.K. El-Hashimi and J. Abul-Hab","Epidemiology of malaria and predictions of retransmission in Babylon governorate, Iraq",2006,,Iraq,Native,313,1731,5.530351438,,Adult,,Indoor,,,Pyrethrum spray catch ,Pyrethrum spray catch ,r,n
"A.A. Al-Ghoury, W.K. El-Hashimi and J. Abul-Hab","Epidemiology of malaria and predictions of retransmission in Babylon governorate, Iraq",2006,,Iraq,Native,260,425,1.634615385,0.016346154,Larvae,,,,,Dipping,Aquatic larval collection,,n
"Naheed Ali, Shumaila Noreen, Khalid Khan and SobiaWahid","Population dynamics of mosquitoes and malaria vector incrimination in district Charsadda, Khyber Pakhtunkhwa (KP) Pakistan",2015,,Pakistan,Native,12,489,40.75,,Adult,Outdoor,Indoor,,,Pyrethrum spray catch ,Pyrethrum spray catch ,r,n
"Naheed Ali, Shumaila Noreen, Khalid Khan and SobiaWahid","Population dynamics of mosquitoes and malaria vector incrimination in district Charsadda, Khyber Pakhtunkhwa (KP) Pakistan",2015,,Pakistan,Native,12,762,63.5,,Adult,Indoor,Indoor,,,Pyrethrum spray catch ,Pyrethrum spray catch ,r,n
"Fatima Abdulla Alkhayat, Abu H. Ahmad, Junaid Rahim, Hamady Dieng, Bashir Adam Ismail, Muhammad Imran, Umer Ayyaz Aslam Sheikh, Muhmmad Sohail Shahzad, Allah Ditta Abid and Kashif Munawar",Charaterization of mosquito larval habitats in Qatar,2020,,Qatar,Native,173,1,0.005780347,1.30E-06,Larvae,,,Drainage,Waste water,Dipping,Aquatic larval collection,,n
"Fatima Abdulla Alkhayat, Abu H. Ahmad, Junaid Rahim, Hamady Dieng, Bashir Adam Ismail, Muhammad Imran, Umer Ayyaz Aslam Sheikh, Muhmmad Sohail Shahzad, Allah Ditta Abid and Kashif Munawar",Charaterization of mosquito larval habitats in Qatar,2020,,Qatar,Native,173,4,0.023121387,5.22E-06,Larvae,,,Drinking water pools,Drinking water reservoirs,Dipping,Aquatic larval collection,,n
"Fatima Abdulla Alkhayat, Abu H. Ahmad, Junaid Rahim, Hamady Dieng, Bashir Adam Ismail, Muhammad Imran, Umer Ayyaz Aslam Sheikh, Muhmmad Sohail Shahzad, Allah Ditta Abid and Kashif Munawar",Charaterization of mosquito larval habitats in Qatar,2020,,Qatar,Native,173,1,0.005780347,1.30E-06,Larvae,,,Flooding sewage pools,Waste water,Dipping,Aquatic larval collection,,n
"Fatima Abdulla Alkhayat, Abu H. Ahmad, Junaid Rahim, Hamady Dieng, Bashir Adam Ismail, Muhammad Imran, Umer Ayyaz Aslam Sheikh, Muhmmad Sohail Shahzad, Allah Ditta Abid and Kashif Munawar",Charaterization of mosquito larval habitats in Qatar,2020,,Qatar,Native,173,4,0.023121387,5.22E-06,Larvae,,,Fountains,Drinking water reservoirs,Dipping,Aquatic larval collection,,n
"Fatima Abdulla Alkhayat, Abu H. Ahmad, Junaid Rahim, Hamady Dieng, Bashir Adam Ismail, Muhammad Imran, Umer Ayyaz Aslam Sheikh, Muhmmad Sohail Shahzad, Allah Ditta Abid and Kashif Munawar",Charaterization of mosquito larval habitats in Qatar,2020,,Qatar,Native,173,4,0.023121387,5.22E-06,Larvae,,,Irrigation water pools,Wet vegetated areas,Dipping,Aquatic larval collection,,n
"Fatima Abdulla Alkhayat, Abu H. Ahmad, Junaid Rahim, Hamady Dieng, Bashir Adam Ismail, Muhammad Imran, Umer Ayyaz Aslam Sheikh, Muhmmad Sohail Shahzad, Allah Ditta Abid and Kashif Munawar",Charaterization of mosquito larval habitats in Qatar,2020,,Qatar,Native,173,1,0.005780347,1.30E-06,Larvae,,,Metal containers,Drinking water reservoirs,Dipping,Aquatic larval collection,,n
"Fatima Abdulla Alkhayat, Abu H. Ahmad, Junaid Rahim, Hamady Dieng, Bashir Adam Ismail, Muhammad Imran, Umer Ayyaz Aslam Sheikh, Muhmmad Sohail Shahzad, Allah Ditta Abid and Kashif Munawar",Charaterization of mosquito larval habitats in Qatar,2020,,Qatar,Native,173,7,0.040462428,9.13E-06,Larvae,,,Plastic containers,Drinking water reservoirs,Dipping,Aquatic larval collection,,n
"Hamid Amani, Mohammad RezaYaghoobi-Ershadi and Hamid Kassiri","The ecology and larval habitats characteristics of anopheline mosquitoes (Diptera: Culicidae) in Aligudarz County (Luristan province, western Iran)",2014,,Iran (Eastern Zalaghi),Native,14,3,0.214285714,0.000186335,Larvae,,,Rural mountains,Dry vegetated areas,Ladle or dropper,Aquatic larval collection,,n
"Hamid Amani, Mohammad RezaYaghoobi-Ershadi and Hamid Kassiri","The ecology and larval habitats characteristics of anopheline mosquitoes (Diptera: Culicidae) in Aligudarz County (Luristan province, western Iran)",2014,,Iran (Eastern Zez),Native,14,9,0.642857143,0.000559006,Larvae,,,Rural mountains,Dry vegetated areas,Ladle or dropper,Aquatic larval collection,,n
"Hamid Amani, Mohammad RezaYaghoobi-Ershadi and Hamid Kassiri","The ecology and larval habitats characteristics of anopheline mosquitoes (Diptera: Culicidae) in Aligudarz County (Luristan province, western Iran)",2014,,Iran (Farsesh),Native,14,2,0.142857143,0.000124224,Larvae,,,Rural mountains,Dry vegetated areas,Ladle or dropper,Aquatic larval collection,,n
"Hamid Amani, Mohammad RezaYaghoobi-Ershadi and Hamid Kassiri","The ecology and larval habitats characteristics of anopheline mosquitoes (Diptera: Culicidae) in Aligudarz County (Luristan province, western Iran)",2014,,Iran (Mahroo),Native,14,9,0.642857143,0.000559006,Larvae,,,Rural mountains,Dry vegetated areas,Ladle or dropper,Aquatic larval collection,,n
"Meshesha Balkew, Peter Mumba, Dereje Dengela, Gedeon Yohannes, Dejene Getachew, Solomon Yared, Sheleme Chibsa, Matthew Murphy, Kristen George, Karen Lopez, Daniel Janies, Sae Hee Choi, Joseph Spear, Seth R. Irish & Tamar E. Carter ",Geographical distribution of Anopheles stephensi in eastern Ethiopia,2020,,Ethiopia,Invasive,105,67,0.638095238,,Adult,Indoor,Indoor,,,Pyrethrum spray catch ,Pyrethrum spray catch ,r,i
"Meshesha Balkew, Peter Mumba, Dereje Dengela, Gedeon Yohannes, Dejene Getachew, Solomon Yared, Sheleme Chibsa, Matthew Murphy, Kristen George, Karen Lopez, Daniel Janies, Sae Hee Choi, Joseph Spear, Seth R. Irish & Tamar E. Carter ",Geographical distribution of Anopheles stephensi in eastern Ethiopia,2020,,Ethiopia ,Invasive,105,15,0.142857143,,Adult,Indoor,,,,CDC light trap,Mechanical trap,b,i
"Meshesha Balkew, Peter Mumba, Dereje Dengela, Gedeon Yohannes, Dejene Getachew, Solomon Yared, Sheleme Chibsa, Matthew Murphy, Kristen George, Karen Lopez, Daniel Janies, Sae Hee Choi, Joseph Spear, Seth R. Irish & Tamar E. Carter ",Geographical distribution of Anopheles stephensi in eastern Ethiopia,2020,,Ethiopia (Jigjiga),Invasive,87,15,0.172413793,0.001915709,Larvae,,,Temporary water storage reservoirs,Drinking water reservoirs,Dipping,Aquatic larval collection,,i
"Meshesha Balkew, Peter Mumba, Dereje Dengela, Gedeon Yohannes, Dejene Getachew, Solomon Yared, Sheleme Chibsa, Matthew Murphy, Kristen George, Karen Lopez, Daniel Janies, Sae Hee Choi, Joseph Spear, Seth R. Irish & Tamar E. Carter ",Geographical distribution of Anopheles stephensi in eastern Ethiopia,2020,,Ethiopia (Jigjiga),Invasive,87,3,0.034482759,0.000383142,Larvae,,,Birkas,Drinking water reservoirs,Dipping,Aquatic larval collection,,i
"Meshesha Balkew, Peter Mumba, Dereje Dengela, Gedeon Yohannes, Dejene Getachew, Solomon Yared, Sheleme Chibsa, Matthew Murphy, Kristen George, Karen Lopez, Daniel Janies, Sae Hee Choi, Joseph Spear, Seth R. Irish & Tamar E. Carter ",Geographical distribution of Anopheles stephensi in eastern Ethiopia,2020,,Ethiopia (Erer),Invasive,87,5,0.057471264,0.00063857,Larvae,,,Water tanks,Drinking water reservoirs,Dipping,Aquatic larval collection,,i
"Meshesha Balkew, Peter Mumba, Dereje Dengela, Gedeon Yohannes, Dejene Getachew, Solomon Yared, Sheleme Chibsa, Matthew Murphy, Kristen George, Karen Lopez, Daniel Janies, Sae Hee Choi, Joseph Spear, Seth R. Irish & Tamar E. Carter ",Geographical distribution of Anopheles stephensi in eastern Ethiopia,2020,,Ethiopia (Erer),Invasive,87,100,1.149425287,0.012771392,Larvae,,,Temporary water storage reservoirs,Drinking water reservoirs,Dipping,Aquatic larval collection,,i
"Meshesha Balkew, Peter Mumba, Dereje Dengela, Gedeon Yohannes, Dejene Getachew, Solomon Yared, Sheleme Chibsa, Matthew Murphy, Kristen George, Karen Lopez, Daniel Janies, Sae Hee Choi, Joseph Spear, Seth R. Irish & Tamar E. Carter ",Geographical distribution of Anopheles stephensi in eastern Ethiopia,2020,,Ethiopia (Erer),Invasive,87,24,0.275862069,0.003065134,Larvae,,,Abandoned car wash,Discarded human goods,Dipping,Aquatic larval collection,,i
"Meshesha Balkew, Peter Mumba, Dereje Dengela, Gedeon Yohannes, Dejene Getachew, Solomon Yared, Sheleme Chibsa, Matthew Murphy, Kristen George, Karen Lopez, Daniel Janies, Sae Hee Choi, Joseph Spear, Seth R. Irish & Tamar E. Carter ",Geographical distribution of Anopheles stephensi in eastern Ethiopia,2020,,Ethiopia (Kebridehar),Invasive,87,700,8.045977011,0.089399745,Larvae,,,Birkas,Drinking water reservoirs,Dipping,Aquatic larval collection,,i
"Meshesha Balkew, Peter Mumba, Dereje Dengela, Gedeon Yohannes, Dejene Getachew, Solomon Yared, Sheleme Chibsa, Matthew Murphy, Kristen George, Karen Lopez, Daniel Janies, Sae Hee Choi, Joseph Spear, Seth R. Irish & Tamar E. Carter ",Geographical distribution of Anopheles stephensi in eastern Ethiopia,2020,,Ethiopia (Godey),Invasive,87,116,1.333333333,0.014814815,Larvae,,,Temporary water storage reservoirs,Drinking water reservoirs,Dipping,Aquatic larval collection,,i
"Meshesha Balkew, Peter Mumba, Dereje Dengela, Gedeon Yohannes, Dejene Getachew, Solomon Yared, Sheleme Chibsa, Matthew Murphy, Kristen George, Karen Lopez, Daniel Janies, Sae Hee Choi, Joseph Spear, Seth R. Irish & Tamar E. Carter ",Geographical distribution of Anopheles stephensi in eastern Ethiopia,2020,,Ethiopia (Godey),Invasive,87,224,2.574712644,0.028607918,Larvae,,,Birkas,Drinking water reservoirs,Dipping,Aquatic larval collection,,i
"Meshesha Balkew, Peter Mumba, Dereje Dengela, Gedeon Yohannes, Dejene Getachew, Solomon Yared, Sheleme Chibsa, Matthew Murphy, Kristen George, Karen Lopez, Daniel Janies, Sae Hee Choi, Joseph Spear, Seth R. Irish & Tamar E. Carter ",Geographical distribution of Anopheles stephensi in eastern Ethiopia,2020,,Ethiopia (Degehabur),Invasive,87,34,0.390804598,0.004342273,Larvae,,,Temporary water storage reservoirs,Drinking water reservoirs,Dipping,Aquatic larval collection,,i
"Meshesha Balkew, Peter Mumba, Dereje Dengela, Gedeon Yohannes, Dejene Getachew, Solomon Yared, Sheleme Chibsa, Matthew Murphy, Kristen George, Karen Lopez, Daniel Janies, Sae Hee Choi, Joseph Spear, Seth R. Irish & Tamar E. Carter ",Geographical distribution of Anopheles stephensi in eastern Ethiopia,2020,,Ethiopia (Degehabur),Invasive,87,132,1.517241379,0.016858238,Larvae,,,Birkas,Drinking water reservoirs,Dipping,Aquatic larval collection,,i
"Meshesha Balkew, Peter Mumba, Dereje Dengela, Gedeon Yohannes, Dejene Getachew, Solomon Yared, Sheleme Chibsa, Matthew Murphy, Kristen George, Karen Lopez, Daniel Janies, Sae Hee Choi, Joseph Spear, Seth R. Irish & Tamar E. Carter ",Geographical distribution of Anopheles stephensi in eastern Ethiopia,2020,,Ethiopia (Semera),Invasive,87,225,2.586206897,0.028735632,Larvae,,,Construction water storage reservoirs,Waste water,Dipping,Aquatic larval collection,,i
"Meshesha Balkew, Peter Mumba, Dereje Dengela, Gedeon Yohannes, Dejene Getachew, Solomon Yared, Sheleme Chibsa, Matthew Murphy, Kristen George, Karen Lopez, Daniel Janies, Sae Hee Choi, Joseph Spear, Seth R. Irish & Tamar E. Carter ",Geographical distribution of Anopheles stephensi in eastern Ethiopia,2020,,Ethiopia (Semera),Invasive,87,5,0.057471264,0.00063857,Larvae,,,Tyres,Discarded human goods,Dipping,Aquatic larval collection,,i
"Meshesha Balkew, Peter Mumba, Dereje Dengela, Gedeon Yohannes, Dejene Getachew, Solomon Yared, Sheleme Chibsa, Matthew Murphy, Kristen George, Karen Lopez, Daniel Janies, Sae Hee Choi, Joseph Spear, Seth R. Irish & Tamar E. Carter ",Geographical distribution of Anopheles stephensi in eastern Ethiopia,2020,,Ethiopia (Semera),Invasive,87,17,0.195402299,0.002171137,Larvae,,,Water tanks,Drinking water reservoirs,Dipping,Aquatic larval collection,,i
"Meshesha Balkew, Peter Mumba, Dereje Dengela, Gedeon Yohannes, Dejene Getachew, Solomon Yared, Sheleme Chibsa, Matthew Murphy, Kristen George, Karen Lopez, Daniel Janies, Sae Hee Choi, Joseph Spear, Seth R. Irish & Tamar E. Carter ",Geographical distribution of Anopheles stephensi in eastern Ethiopia,2020,,Ethiopia (Semera),Invasive,87,13,0.149425287,0.001660281,Larvae,,,Birkas,Drinking water reservoirs,Dipping,Aquatic larval collection,,i
"Meshesha Balkew, Peter Mumba, Dereje Dengela, Gedeon Yohannes, Dejene Getachew, Solomon Yared, Sheleme Chibsa, Matthew Murphy, Kristen George, Karen Lopez, Daniel Janies, Sae Hee Choi, Joseph Spear, Seth R. Irish & Tamar E. Carter ",Geographical distribution of Anopheles stephensi in eastern Ethiopia,2020,,Ethiopia (Gewane),Invasive,87,12,0.137931034,0.001532567,Larvae,,,Construction water storage reservoirs,Waste water,Dipping,Aquatic larval collection,,i
"Meshesha Balkew, Peter Mumba, Dereje Dengela, Gedeon Yohannes, Dejene Getachew, Solomon Yared, Sheleme Chibsa, Matthew Murphy, Kristen George, Karen Lopez, Daniel Janies, Sae Hee Choi, Joseph Spear, Seth R. Irish & Tamar E. Carter ",Geographical distribution of Anopheles stephensi in eastern Ethiopia,2020,,Ethiopia (Gewane),Invasive,87,16,0.183908046,0.002043423,Larvae,,,Tyres,Discarded human goods,Dipping,Aquatic larval collection,,i
"Meshesha Balkew, Peter Mumba, Dereje Dengela, Gedeon Yohannes, Dejene Getachew, Solomon Yared, Sheleme Chibsa, Matthew Murphy, Kristen George, Karen Lopez, Daniel Janies, Sae Hee Choi, Joseph Spear, Seth R. Irish & Tamar E. Carter ",Geographical distribution of Anopheles stephensi in eastern Ethiopia,2020,,Ethiopia (Gewane),Invasive,87,39,0.448275862,0.004980843,Larvae,,,Steel drums,Drinking water reservoirs,Dipping,Aquatic larval collection,,i
"Meshesha Balkew, Peter Mumba, Dereje Dengela, Gedeon Yohannes, Dejene Getachew, Solomon Yared, Sheleme Chibsa, Matthew Murphy, Kristen George, Karen Lopez, Daniel Janies, Sae Hee Choi, Joseph Spear, Seth R. Irish & Tamar E. Carter ",Geographical distribution of Anopheles stephensi in eastern Ethiopia,2020,,Ethiopia (Gewane),Invasive,87,11,0.126436782,0.001404853,Larvae,,,Water tanks,Drinking water reservoirs,Dipping,Aquatic larval collection,,i
"Meshesha Balkew, Peter Mumba, Dereje Dengela, Gedeon Yohannes, Dejene Getachew, Solomon Yared, Sheleme Chibsa, Matthew Murphy, Kristen George, Karen Lopez, Daniel Janies, Sae Hee Choi, Joseph Spear, Seth R. Irish & Tamar E. Carter ",Geographical distribution of Anopheles stephensi in eastern Ethiopia,2020,,Ethiopia (Gewane),Invasive,87,5,0.057471264,0.00063857,Larvae,,,Discarded vehicle parts,Discarded human goods,Dipping,Aquatic larval collection,,i
"Meshesha Balkew, Peter Mumba, Dereje Dengela, Gedeon Yohannes, Dejene Getachew, Solomon Yared, Sheleme Chibsa, Matthew Murphy, Kristen George, Karen Lopez, Daniel Janies, Sae Hee Choi, Joseph Spear, Seth R. Irish & Tamar E. Carter ",Geographical distribution of Anopheles stephensi in eastern Ethiopia,2020,,Ethiopia (Gewane),Invasive,87,19,0.218390805,0.002426565,Larvae,,,Broken buckets,Waste water,Dipping,Aquatic larval collection,,i
"Meshesha Balkew, Peter Mumba, Dereje Dengela, Gedeon Yohannes, Dejene Getachew, Solomon Yared, Sheleme Chibsa, Matthew Murphy, Kristen George, Karen Lopez, Daniel Janies, Sae Hee Choi, Joseph Spear, Seth R. Irish & Tamar E. Carter ",Geographical distribution of Anopheles stephensi in eastern Ethiopia,2020,,Ethiopia (Awash Sebat Kilo),Invasive,87,26,0.298850575,0.003320562,Larvae,,,Construction water storage reservoirs,Waste water,Dipping,Aquatic larval collection,,i
"Meshesha Balkew, Peter Mumba, Dereje Dengela, Gedeon Yohannes, Dejene Getachew, Solomon Yared, Sheleme Chibsa, Matthew Murphy, Kristen George, Karen Lopez, Daniel Janies, Sae Hee Choi, Joseph Spear, Seth R. Irish & Tamar E. Carter ",Geographical distribution of Anopheles stephensi in eastern Ethiopia,2020,,Ethiopia (Dire Dawa),Invasive,87,100,1.149425287,0.012771392,Larvae,,,Construction water storage reservoirs,Waste water,Dipping,Aquatic larval collection,,i
"Meshesha Balkew, Peter Mumba, Dereje Dengela, Gedeon Yohannes, Dejene Getachew, Solomon Yared, Sheleme Chibsa, Matthew Murphy, Kristen George, Karen Lopez, Daniel Janies, Sae Hee Choi, Joseph Spear, Seth R. Irish & Tamar E. Carter ",Geographical distribution of Anopheles stephensi in eastern Ethiopia,2020,,Ethiopia (Dire Dawa),Invasive,87,24,0.275862069,0.003065134,Larvae,,,Steel drums,Drinking water reservoirs,Dipping,Aquatic larval collection,,i
"Meshesha Balkew, Peter Mumba, Dereje Dengela, Gedeon Yohannes, Dejene Getachew, Solomon Yared, Sheleme Chibsa, Matthew Murphy, Kristen George, Karen Lopez, Daniel Janies, Sae Hee Choi, Joseph Spear, Seth R. Irish & Tamar E. Carter ",Geographical distribution of Anopheles stephensi in eastern Ethiopia,2020,,Ethiopia (Dire Dawa),Invasive,87,53,0.609195402,0.006768838,Larvae,,,Water tanks,Drinking water reservoirs,Dipping,Aquatic larval collection,,i
"Meshesha Balkew, Peter Mumba, Dereje Dengela, Gedeon Yohannes, Dejene Getachew, Solomon Yared, Sheleme Chibsa, Matthew Murphy, Kristen George, Karen Lopez, Daniel Janies, Sae Hee Choi, Joseph Spear, Seth R. Irish & Tamar E. Carter ",Geographical distribution of Anopheles stephensi in eastern Ethiopia,2020,,Ethiopia (Dire Dawa),Invasive,87,100,1.149425287,0.012771392,Larvae,,,Temporary water storage reservoirs,Drinking water reservoirs,Dipping,Aquatic larval collection,,i
"Meshesha Balkew, Peter Mumba, Dereje Dengela, Gedeon Yohannes, Dejene Getachew, Solomon Yared, Sheleme Chibsa, Matthew Murphy, Kristen George, Karen Lopez, Daniel Janies, Sae Hee Choi, Joseph Spear, Seth R. Irish & Tamar E. Carter ",Geographical distribution of Anopheles stephensi in eastern Ethiopia,2020,,Ethiopia (Bati),Invasive,87,11,0.126436782,0.001404853,Larvae,,,Construction water storage reservoirs,Waste water,Dipping,Aquatic larval collection,,i
"Meshesha Balkew, Peter Mumba, Dereje Dengela, Gedeon Yohannes, Dejene Getachew, Solomon Yared, Sheleme Chibsa, Matthew Murphy, Kristen George, Karen Lopez, Daniel Janies, Sae Hee Choi, Joseph Spear, Seth R. Irish & Tamar E. Carter ",Geographical distribution of Anopheles stephensi in eastern Ethiopia,2020,,Ethiopia (Bati),Invasive,87,7,0.08045977,0.000893997,Larvae,,,Tyres,Discarded human goods,Dipping,Aquatic larval collection,,i
"Meshesha Balkew, Peter Mumba, Dereje Dengela, Gedeon Yohannes, Dejene Getachew, Solomon Yared, Sheleme Chibsa, Matthew Murphy, Kristen George, Karen Lopez, Daniel Janies, Sae Hee Choi, Joseph Spear, Seth R. Irish & Tamar E. Carter ",Geographical distribution of Anopheles stephensi in eastern Ethiopia,2020,,Ethiopia (Bati),Invasive,87,2,0.022988506,0.000255428,Larvae,,,Steel drums,Drinking water reservoirs,Dipping,Aquatic larval collection,,i
"Meshesha Balkew, Peter Mumba, Dereje Dengela, Gedeon Yohannes, Dejene Getachew, Solomon Yared, Sheleme Chibsa, Matthew Murphy, Kristen George, Karen Lopez, Daniel Janies, Sae Hee Choi, Joseph Spear, Seth R. Irish & Tamar E. Carter ",Geographical distribution of Anopheles stephensi in eastern Ethiopia,2020,,Ethiopia (Bati),Invasive,87,5,0.057471264,0.00063857,Larvae,,,Water tanks,Drinking water reservoirs,Dipping,Aquatic larval collection,,i
"Meshesha Balkew, Peter Mumba, Dereje Dengela, Gedeon Yohannes, Dejene Getachew, Solomon Yared, Sheleme Chibsa, Matthew Murphy, Kristen George, Karen Lopez, Daniel Janies, Sae Hee Choi, Joseph Spear, Seth R. Irish & Tamar E. Carter ",Geographical distribution of Anopheles stephensi in eastern Ethiopia,2020,,Ethiopia (Bati),Invasive,87,110,1.264367816,0.014048531,Larvae,,,Temporary water storage reservoirs,Drinking water reservoirs,Dipping,Aquatic larval collection,,i
"Meshesha Balkew, Peter Mumba, Gedeon Yohannes, Ephrem Abiy, Dejene Getachew, Solomon Yared, Amha Worku, Araya Gebresilassie, Fitsum G. Tadesse, Endalamaw Gadisa, Endashaw Esayas, Temesgen Ashine, Desta Ejeta, Sisay Dugassa, Mekonnen Yohannes, Wossenseged Lemma, Delenasaw Yewhalaw, Sheleme Chibsa, Hiwot Teka, Matt Murphy, Melissa Yoshimizu, Dereje Dengela, Sarah Zohdy & Seth Irish","An update on the distribution, bionomics, and insecticide susceptibility of Anopheles stephensi in Ethiopia, 2018â€“2020",2021,,Ethiopia (Meki),Invasive,783,24,0.030651341,8.51E-05,Larvae,,,Tyres,Discarded human goods,Dipping,Aquatic larval collection,,i
"Meshesha Balkew, Peter Mumba, Gedeon Yohannes, Ephrem Abiy, Dejene Getachew, Solomon Yared, Amha Worku, Araya Gebresilassie, Fitsum G. Tadesse, Endalamaw Gadisa, Endashaw Esayas, Temesgen Ashine, Desta Ejeta, Sisay Dugassa, Mekonnen Yohannes, Wossenseged Lemma, Delenasaw Yewhalaw, Sheleme Chibsa, Hiwot Teka, Matt Murphy, Melissa Yoshimizu, Dereje Dengela, Sarah Zohdy & Seth Irish","An update on the distribution, bionomics, and insecticide susceptibility of Anopheles stephensi in Ethiopia, 2018â€“2020",2021,,Ethiopia (Meki),Invasive,783,43,0.054916986,0.000152547,Larvae,,,Concrete water containers,Drinking water reservoirs,Dipping,Aquatic larval collection,,i
"Meshesha Balkew, Peter Mumba, Gedeon Yohannes, Ephrem Abiy, Dejene Getachew, Solomon Yared, Amha Worku, Araya Gebresilassie, Fitsum G. Tadesse, Endalamaw Gadisa, Endashaw Esayas, Temesgen Ashine, Desta Ejeta, Sisay Dugassa, Mekonnen Yohannes, Wossenseged Lemma, Delenasaw Yewhalaw, Sheleme Chibsa, Hiwot Teka, Matt Murphy, Melissa Yoshimizu, Dereje Dengela, Sarah Zohdy & Seth Irish","An update on the distribution, bionomics, and insecticide susceptibility of Anopheles stephensi in Ethiopia, 2018â€“2020",2021,,Ethiopia (Meki),Invasive,783,19,0.024265645,6.74E-05,Larvae,,,Water tanks,Drinking water reservoirs,Dipping,Aquatic larval collection,,i
"Meshesha Balkew, Peter Mumba, Gedeon Yohannes, Ephrem Abiy, Dejene Getachew, Solomon Yared, Amha Worku, Araya Gebresilassie, Fitsum G. Tadesse, Endalamaw Gadisa, Endashaw Esayas, Temesgen Ashine, Desta Ejeta, Sisay Dugassa, Mekonnen Yohannes, Wossenseged Lemma, Delenasaw Yewhalaw, Sheleme Chibsa, Hiwot Teka, Matt Murphy, Melissa Yoshimizu, Dereje Dengela, Sarah Zohdy & Seth Irish","An update on the distribution, bionomics, and insecticide susceptibility of Anopheles stephensi in Ethiopia, 2018â€“2020",2021,,Ethiopia (Zeway),Invasive,783,14,0.017879949,4.97E-05,Larvae,,,Tyres,Discarded human goods,Dipping,Aquatic larval collection,,i
"Meshesha Balkew, Peter Mumba, Gedeon Yohannes, Ephrem Abiy, Dejene Getachew, Solomon Yared, Amha Worku, Araya Gebresilassie, Fitsum G. Tadesse, Endalamaw Gadisa, Endashaw Esayas, Temesgen Ashine, Desta Ejeta, Sisay Dugassa, Mekonnen Yohannes, Wossenseged Lemma, Delenasaw Yewhalaw, Sheleme Chibsa, Hiwot Teka, Matt Murphy, Melissa Yoshimizu, Dereje Dengela, Sarah Zohdy & Seth Irish","An update on the distribution, bionomics, and insecticide susceptibility of Anopheles stephensi in Ethiopia, 2018â€“2020",2021,,Ethiopia (Zeway),Invasive,783,3,0.003831418,1.06E-05,Larvae,,,Concrete water tanks,Drinking water reservoirs,Dipping,Aquatic larval collection,,i
"Meshesha Balkew, Peter Mumba, Gedeon Yohannes, Ephrem Abiy, Dejene Getachew, Solomon Yared, Amha Worku, Araya Gebresilassie, Fitsum G. Tadesse, Endalamaw Gadisa, Endashaw Esayas, Temesgen Ashine, Desta Ejeta, Sisay Dugassa, Mekonnen Yohannes, Wossenseged Lemma, Delenasaw Yewhalaw, Sheleme Chibsa, Hiwot Teka, Matt Murphy, Melissa Yoshimizu, Dereje Dengela, Sarah Zohdy & Seth Irish","An update on the distribution, bionomics, and insecticide susceptibility of Anopheles stephensi in Ethiopia, 2018â€“2020",2021,,Ethiopia (Metehara),Invasive,783,322,0.411238825,0.00114233,Larvae,,,Water tanks,Drinking water reservoirs,Dipping,Aquatic larval collection,,i
"Meshesha Balkew, Peter Mumba, Gedeon Yohannes, Ephrem Abiy, Dejene Getachew, Solomon Yared, Amha Worku, Araya Gebresilassie, Fitsum G. Tadesse, Endalamaw Gadisa, Endashaw Esayas, Temesgen Ashine, Desta Ejeta, Sisay Dugassa, Mekonnen Yohannes, Wossenseged Lemma, Delenasaw Yewhalaw, Sheleme Chibsa, Hiwot Teka, Matt Murphy, Melissa Yoshimizu, Dereje Dengela, Sarah Zohdy & Seth Irish","An update on the distribution, bionomics, and insecticide susceptibility of Anopheles stephensi in Ethiopia, 2018â€“2020",2021,,Ethiopia (Dire Dawa),Invasive,183,4,0.021857924,,Adult,Outdoor,Indoor,,,Pyrethrum spray catch ,Pyrethrum spray catch ,r,i
"Meshesha Balkew, Peter Mumba, Gedeon Yohannes, Ephrem Abiy, Dejene Getachew, Solomon Yared, Amha Worku, Araya Gebresilassie, Fitsum G. Tadesse, Endalamaw Gadisa, Endashaw Esayas, Temesgen Ashine, Desta Ejeta, Sisay Dugassa, Mekonnen Yohannes, Wossenseged Lemma, Delenasaw Yewhalaw, Sheleme Chibsa, Hiwot Teka, Matt Murphy, Melissa Yoshimizu, Dereje Dengela, Sarah Zohdy & Seth Irish","An update on the distribution, bionomics, and insecticide susceptibility of Anopheles stephensi in Ethiopia, 2018â€“2020",2021,,Ethiopia (Dire Dawa),Invasive,183,4,0.021857924,,Adult,,,,,CDC light trap,Mechanical trap,b,i
"Meshesha Balkew, Peter Mumba, Gedeon Yohannes, Ephrem Abiy, Dejene Getachew, Solomon Yared, Amha Worku, Araya Gebresilassie, Fitsum G. Tadesse, Endalamaw Gadisa, Endashaw Esayas, Temesgen Ashine, Desta Ejeta, Sisay Dugassa, Mekonnen Yohannes, Wossenseged Lemma, Delenasaw Yewhalaw, Sheleme Chibsa, Hiwot Teka, Matt Murphy, Melissa Yoshimizu, Dereje Dengela, Sarah Zohdy & Seth Irish","An update on the distribution, bionomics, and insecticide susceptibility of Anopheles stephensi in Ethiopia, 2018â€“2020",2021,,Ethiopia (Dire Dawa),Invasive,183,205,1.120218579,,Adult,,,,,Hand collection,Aspiration targeting resting mosquitoes,r,i
"Meshesha Balkew, Peter Mumba, Gedeon Yohannes, Ephrem Abiy, Dejene Getachew, Solomon Yared, Amha Worku, Araya Gebresilassie, Fitsum G. Tadesse, Endalamaw Gadisa, Endashaw Esayas, Temesgen Ashine, Desta Ejeta, Sisay Dugassa, Mekonnen Yohannes, Wossenseged Lemma, Delenasaw Yewhalaw, Sheleme Chibsa, Hiwot Teka, Matt Murphy, Melissa Yoshimizu, Dereje Dengela, Sarah Zohdy & Seth Irish","An update on the distribution, bionomics, and insecticide susceptibility of Anopheles stephensi in Ethiopia, 2018â€“2020",2021,,Ethiopia (Dire Dawa),Invasive,183,159,0.868852459,,Adult,,,,,Black resting box,Passive trap,r,i
"Meshesha Balkew, Peter Mumba, Gedeon Yohannes, Ephrem Abiy, Dejene Getachew, Solomon Yared, Amha Worku, Araya Gebresilassie, Fitsum G. Tadesse, Endalamaw Gadisa, Endashaw Esayas, Temesgen Ashine, Desta Ejeta, Sisay Dugassa, Mekonnen Yohannes, Wossenseged Lemma, Delenasaw Yewhalaw, Sheleme Chibsa, Hiwot Teka, Matt Murphy, Melissa Yoshimizu, Dereje Dengela, Sarah Zohdy & Seth Irish","An update on the distribution, bionomics, and insecticide susceptibility of Anopheles stephensi in Ethiopia, 2018â€“2020",2021,,Ethiopia (Dire Dawa),Invasive,183,40,0.218579235,,Adult,Outdoor,,,,Cattle-baited tent trap,Host seeking animal baited trap,b,i
"Meshesha Balkew, Peter Mumba, Gedeon Yohannes, Ephrem Abiy, Dejene Getachew, Solomon Yared, Amha Worku, Araya Gebresilassie, Fitsum G. Tadesse, Endalamaw Gadisa, Endashaw Esayas, Temesgen Ashine, Desta Ejeta, Sisay Dugassa, Mekonnen Yohannes, Wossenseged Lemma, Delenasaw Yewhalaw, Sheleme Chibsa, Hiwot Teka, Matt Murphy, Melissa Yoshimizu, Dereje Dengela, Sarah Zohdy & Seth Irish","An update on the distribution, bionomics, and insecticide susceptibility of Anopheles stephensi in Ethiopia, 2018â€“2020",2021,,Ethiopia (Kebridehar),Invasive,183,29,0.158469945,,Adult,,,,,Pyrethrum spray catch ,Pyrethrum spray catch ,r,i
"Meshesha Balkew, Peter Mumba, Gedeon Yohannes, Ephrem Abiy, Dejene Getachew, Solomon Yared, Amha Worku, Araya Gebresilassie, Fitsum G. Tadesse, Endalamaw Gadisa, Endashaw Esayas, Temesgen Ashine, Desta Ejeta, Sisay Dugassa, Mekonnen Yohannes, Wossenseged Lemma, Delenasaw Yewhalaw, Sheleme Chibsa, Hiwot Teka, Matt Murphy, Melissa Yoshimizu, Dereje Dengela, Sarah Zohdy & Seth Irish","An update on the distribution, bionomics, and insecticide susceptibility of Anopheles stephensi in Ethiopia, 2018â€“2020",2021,,Ethiopia (Kebridehar),Invasive,183,5,0.027322404,,Adult,,,,,Human landing catch,Host seeking human baited trap,b,i
"Meshesha Balkew, Peter Mumba, Gedeon Yohannes, Ephrem Abiy, Dejene Getachew, Solomon Yared, Amha Worku, Araya Gebresilassie, Fitsum G. Tadesse, Endalamaw Gadisa, Endashaw Esayas, Temesgen Ashine, Desta Ejeta, Sisay Dugassa, Mekonnen Yohannes, Wossenseged Lemma, Delenasaw Yewhalaw, Sheleme Chibsa, Hiwot Teka, Matt Murphy, Melissa Yoshimizu, Dereje Dengela, Sarah Zohdy & Seth Irish","An update on the distribution, bionomics, and insecticide susceptibility of Anopheles stephensi in Ethiopia, 2018â€“2020",2021,,Ethiopia (Kebridehar),Invasive,183,3,0.016393443,,Adult,,,,,CDC light trap,Mechanical trap,b,i
"Meshesha Balkew, Peter Mumba, Gedeon Yohannes, Ephrem Abiy, Dejene Getachew, Solomon Yared, Amha Worku, Araya Gebresilassie, Fitsum G. Tadesse, Endalamaw Gadisa, Endashaw Esayas, Temesgen Ashine, Desta Ejeta, Sisay Dugassa, Mekonnen Yohannes, Wossenseged Lemma, Delenasaw Yewhalaw, Sheleme Chibsa, Hiwot Teka, Matt Murphy, Melissa Yoshimizu, Dereje Dengela, Sarah Zohdy & Seth Irish","An update on the distribution, bionomics, and insecticide susceptibility of Anopheles stephensi in Ethiopia, 2018â€“2020",2021,,Ethiopia (Kebridehar),Invasive,183,212,1.158469945,,Adult,,,,,Hand collection,Aspiration targeting resting mosquitoes,r,i
"Meshesha Balkew, Peter Mumba, Gedeon Yohannes, Ephrem Abiy, Dejene Getachew, Solomon Yared, Amha Worku, Araya Gebresilassie, Fitsum G. Tadesse, Endalamaw Gadisa, Endashaw Esayas, Temesgen Ashine, Desta Ejeta, Sisay Dugassa, Mekonnen Yohannes, Wossenseged Lemma, Delenasaw Yewhalaw, Sheleme Chibsa, Hiwot Teka, Matt Murphy, Melissa Yoshimizu, Dereje Dengela, Sarah Zohdy & Seth Irish","An update on the distribution, bionomics, and insecticide susceptibility of Anopheles stephensi in Ethiopia, 2018â€“2020",2021,,Ethiopia (Kebridehar),Invasive,183,119,0.650273224,,Adult,Outdoor,,,,Cattle-baited tent trap,Host seeking animal baited trap,b,i
"Meshesha Balkew, Peter Mumba, Gedeon Yohannes, Ephrem Abiy, Dejene Getachew, Solomon Yared, Amha Worku, Araya Gebresilassie, Fitsum G. Tadesse, Endalamaw Gadisa, Endashaw Esayas, Temesgen Ashine, Desta Ejeta, Sisay Dugassa, Mekonnen Yohannes, Wossenseged Lemma, Delenasaw Yewhalaw, Sheleme Chibsa, Hiwot Teka, Matt Murphy, Melissa Yoshimizu, Dereje Dengela, Sarah Zohdy & Seth Irish","An update on the distribution, bionomics, and insecticide susceptibility of Anopheles stephensi in Ethiopia, 2018â€“2020",2021,,Ethiopia (Awash Sebat Kilo),Invasive,183,3,0.016393443,,Adult,Indoor,Indoor,,,Pyrethrum spray catch ,Pyrethrum spray catch ,r,i
"Meshesha Balkew, Peter Mumba, Gedeon Yohannes, Ephrem Abiy, Dejene Getachew, Solomon Yared, Amha Worku, Araya Gebresilassie, Fitsum G. Tadesse, Endalamaw Gadisa, Endashaw Esayas, Temesgen Ashine, Desta Ejeta, Sisay Dugassa, Mekonnen Yohannes, Wossenseged Lemma, Delenasaw Yewhalaw, Sheleme Chibsa, Hiwot Teka, Matt Murphy, Melissa Yoshimizu, Dereje Dengela, Sarah Zohdy & Seth Irish","An update on the distribution, bionomics, and insecticide susceptibility of Anopheles stephensi in Ethiopia, 2018â€“2020",2021,,Ethiopia (Awash Sebat Kilo),Invasive,183,7,0.038251366,,Adult,,,,,Human landing catch,Host seeking human baited trap,b,i
"Meshesha Balkew, Peter Mumba, Gedeon Yohannes, Ephrem Abiy, Dejene Getachew, Solomon Yared, Amha Worku, Araya Gebresilassie, Fitsum G. Tadesse, Endalamaw Gadisa, Endashaw Esayas, Temesgen Ashine, Desta Ejeta, Sisay Dugassa, Mekonnen Yohannes, Wossenseged Lemma, Delenasaw Yewhalaw, Sheleme Chibsa, Hiwot Teka, Matt Murphy, Melissa Yoshimizu, Dereje Dengela, Sarah Zohdy & Seth Irish","An update on the distribution, bionomics, and insecticide susceptibility of Anopheles stephensi in Ethiopia, 2018â€“2020",2021,,Ethiopia (Awash Sebat Kilo),Invasive,183,123,0.672131148,,Adult,,,,,Hand collection,Aspiration targeting resting mosquitoes,r,i
"Meshesha Balkew, Peter Mumba, Gedeon Yohannes, Ephrem Abiy, Dejene Getachew, Solomon Yared, Amha Worku, Araya Gebresilassie, Fitsum G. Tadesse, Endalamaw Gadisa, Endashaw Esayas, Temesgen Ashine, Desta Ejeta, Sisay Dugassa, Mekonnen Yohannes, Wossenseged Lemma, Delenasaw Yewhalaw, Sheleme Chibsa, Hiwot Teka, Matt Murphy, Melissa Yoshimizu, Dereje Dengela, Sarah Zohdy & Seth Irish","An update on the distribution, bionomics, and insecticide susceptibility of Anopheles stephensi in Ethiopia, 2018â€“2020",2021,,Ethiopia (Awash Sebat Kilo),Invasive,183,21,0.114754098,,Adult,Outdoor,,,,Cattle-baited tent trap,Host seeking animal baited trap,b,i
"Meshesha Balkew, Peter Mumba, Gedeon Yohannes, Ephrem Abiy, Dejene Getachew, Solomon Yared, Amha Worku, Araya Gebresilassie, Fitsum G. Tadesse, Endalamaw Gadisa, Endashaw Esayas, Temesgen Ashine, Desta Ejeta, Sisay Dugassa, Mekonnen Yohannes, Wossenseged Lemma, Delenasaw Yewhalaw, Sheleme Chibsa, Hiwot Teka, Matt Murphy, Melissa Yoshimizu, Dereje Dengela, Sarah Zohdy & Seth Irish","An update on the distribution, bionomics, and insecticide susceptibility of Anopheles stephensi in Ethiopia, 2018â€“2020",2021,,Ethiopia (Metehara),Invasive,183,9,0.049180328,,Adult,Indoor,Indoor,,,Pyrethrum spray catch ,Pyrethrum spray catch ,r,i
"Meshesha Balkew, Peter Mumba, Gedeon Yohannes, Ephrem Abiy, Dejene Getachew, Solomon Yared, Amha Worku, Araya Gebresilassie, Fitsum G. Tadesse, Endalamaw Gadisa, Endashaw Esayas, Temesgen Ashine, Desta Ejeta, Sisay Dugassa, Mekonnen Yohannes, Wossenseged Lemma, Delenasaw Yewhalaw, Sheleme Chibsa, Hiwot Teka, Matt Murphy, Melissa Yoshimizu, Dereje Dengela, Sarah Zohdy & Seth Irish","An update on the distribution, bionomics, and insecticide susceptibility of Anopheles stephensi in Ethiopia, 2018â€“2020",2021,,Ethiopia (Metehara),Invasive,183,11,0.06010929,,Adult,,,,,Human landing catch,Host seeking human baited trap,b,i
"Meshesha Balkew, Peter Mumba, Gedeon Yohannes, Ephrem Abiy, Dejene Getachew, Solomon Yared, Amha Worku, Araya Gebresilassie, Fitsum G. Tadesse, Endalamaw Gadisa, Endashaw Esayas, Temesgen Ashine, Desta Ejeta, Sisay Dugassa, Mekonnen Yohannes, Wossenseged Lemma, Delenasaw Yewhalaw, Sheleme Chibsa, Hiwot Teka, Matt Murphy, Melissa Yoshimizu, Dereje Dengela, Sarah Zohdy & Seth Irish","An update on the distribution, bionomics, and insecticide susceptibility of Anopheles stephensi in Ethiopia, 2018â€“2020",2021,,Ethiopia (Metehara),Invasive,183,23,0.12568306,,Adult,,,,,CDC light trap,Mechanical trap,b,i
"Meshesha Balkew, Peter Mumba, Gedeon Yohannes, Ephrem Abiy, Dejene Getachew, Solomon Yared, Amha Worku, Araya Gebresilassie, Fitsum G. Tadesse, Endalamaw Gadisa, Endashaw Esayas, Temesgen Ashine, Desta Ejeta, Sisay Dugassa, Mekonnen Yohannes, Wossenseged Lemma, Delenasaw Yewhalaw, Sheleme Chibsa, Hiwot Teka, Matt Murphy, Melissa Yoshimizu, Dereje Dengela, Sarah Zohdy & Seth Irish","An update on the distribution, bionomics, and insecticide susceptibility of Anopheles stephensi in Ethiopia, 2018â€“2020",2021,,Ethiopia (Metehara),Invasive,183,45,0.245901639,,Adult,,,,,Hand collection,Aspiration targeting resting mosquitoes,r,i
"Meshesha Balkew, Peter Mumba, Gedeon Yohannes, Ephrem Abiy, Dejene Getachew, Solomon Yared, Amha Worku, Araya Gebresilassie, Fitsum G. Tadesse, Endalamaw Gadisa, Endashaw Esayas, Temesgen Ashine, Desta Ejeta, Sisay Dugassa, Mekonnen Yohannes, Wossenseged Lemma, Delenasaw Yewhalaw, Sheleme Chibsa, Hiwot Teka, Matt Murphy, Melissa Yoshimizu, Dereje Dengela, Sarah Zohdy & Seth Irish","An update on the distribution, bionomics, and insecticide susceptibility of Anopheles stephensi in Ethiopia, 2018â€“2020",2021,,Ethiopia (Metehara),Invasive,183,18,0.098360656,,Adult,Outdoor,,,,Cattle-baited tent trap,Host seeking animal baited trap,b,i
"Hamidreza Basseri, Ahmad Raeisi, Mansoor Ranjbar Khakha, Abaas Pakarai and Hassanzehi Abdolghafar",Seasonal Abundance and Host-Feeding Patterns of Anopheline Vectors in Malaria Endemic Area of Iran,2010,,Iran,Native,287,2895,10.08710801,,Adult,Indoor,Indoor,,,Pyrethrum spray catch ,Pyrethrum spray catch ,r,n
"Hamidreza Basseri, Ahmad Raeisi, Mansoor Ranjbar Khakha, Abaas Pakarai and Hassanzehi Abdolghafar",Seasonal Abundance and Host-Feeding Patterns of Anopheline Vectors in Malaria Endemic Area of Iran,2010,,Iran,Native,287,516,1.797909408,,Adult,Outdoor,Outdoor,,,Artificial shelter,Aspiration targeting resting mosquitoes,r,n
"Tamar E. Carter, Solomon Yared, Araya Gebresilassie, Victoria Bonnell, Lambodhar Damodaran, Karen Lopez, Mohammed Ibrahim, Seid Mohammed and Daniel Janies","First detection of Anopheles stephensi Liston, 1901 (Diptera: culicidae) in Ethiopia using molecular and morphological approaches",2018,,Ethiopia,Invasive,44,535,12.15909091,0.121590909,Larvae,,,Water reservoirs,Drinking water reservoirs,Dipping,Aquatic larval collection,,i
"Vincent Pommier de Santi, Bouh Abdi Khaireh, Thomas Chiniard, Bruno Pradines, Nicolas Taudon, SÃ©bastien LarrÃ©chÃ©, Abdoulraouf Bourhan Mohamed, Franck de Laval, Franck Berger, Florian Gala, Madjid Mokrane, Nicolas Benoit, Lionel Malan, Abdoulilah Ahmed Abdi, SÃ©bastien Briolant","Role of Anopheles stephensi Mosquitoes in Malaria Outbreak, Djibouti, 2019",2019,,Djibouti,Invasive,23,1,0.043478261,,Adult,,,,,Human landing catch,Host seeking human baited trap,b,i
"Vincent Pommier de Santi, Bouh Abdi Khaireh, Thomas Chiniard, Bruno Pradines, Nicolas Taudon, SÃ©bastien LarrÃ©chÃ©, Abdoulraouf Bourhan Mohamed, Franck de Laval, Franck Berger, Florian Gala, Madjid Mokrane, Nicolas Benoit, Lionel Malan, Abdoulilah Ahmed Abdi, SÃ©bastien Briolant","Role of Anopheles stephensi Mosquitoes in Malaria Outbreak, Djibouti, 2020",2019,,Djibouti,Invasive,23,1,0.043478261,,Adult,,,,,Biogents sentinel trap,Mechanical trap,b,i
"Vincent Pommier de Santi, Bouh Abdi Khaireh, Thomas Chiniard, Bruno Pradines, Nicolas Taudon, SÃ©bastien LarrÃ©chÃ©, Abdoulraouf Bourhan Mohamed, Franck de Laval, Franck Berger, Florian Gala, Madjid Mokrane, Nicolas Benoit, Lionel Malan, Abdoulilah Ahmed Abdi, SÃ©bastien Briolant","Role of Anopheles stephensi Mosquitoes in Malaria Outbreak, Djibouti, 2019",2021,,Djibouti,Invasive,16,190,11.875,0.0475,Larvae,,,,,Dipping,Aquatic larval collection,,i
"N Pemola Devi; Jauhari, R K",Relationship between Anopheles fluviatilis & A. stephensi (Diptera: Culicidae) catches & the prevalence of malaria cases at Kalsi area in Dehradun district (Uttaranchal),2006,,India,Native,939,38,0.040468584,,Adult,Outdoor,,,,Aspiration,Aspiration targeting resting mosquitoes,r,n
"N Pemola Devi; Jauhari, R K",Relationship between Anopheles fluviatilis & A. stephensi (Diptera: Culicidae) catches & the prevalence of malaria cases at Kalsi area in Dehradun district (Uttaranchal),2006,,India,Native,939,420,0.447284345,,Adult,Indoor,Indoor,,,Aspiration,Aspiration targeting resting mosquitoes,r,n
"Faraji-Fard, P.; Ahmadi-Angali, K.; Behbahani, A.",Species Variety of the Calf and Human-Attracted Mosquitoes in Southwest Iran,2021,,Iran,Native,162,10,0.061728395,,Adult,,,,,Human baited trap,Host seeking human baited trap,b,n
"Faraji-Fard, P.; Ahmadi-Angali, K.; Behbahani, A.",Species Variety of the Calf and Human-Attracted Mosquitoes in Southwest Iran,2021,,Iran,Native,162,47,0.290123457,,Adult,Outdoor,,,,Calf baited trap,Host seeking animal baited trap,b,n
"Faraji-Fard, P.; Ahmadi-Angali, K.; Behbahani, A.",Species Variety of the Calf and Human-Attracted Mosquitoes in Southwest Iran,2021,,Iran,Native,162,47,0.29,,Adult,,,,,Calf baited,Host seeking animal baited trap,b,n
"Faraji-Fard, P.; Ahmadi-Angali, K.; Behbahani, A.",Species Variety of the Calf and Human-Attracted Mosquitoes in Southwest Iran,2021,,Iran,Native,162,10,0.0617,,Adult,,,,,Human baited trap,Host seeking human baited trap,b,n
"Fathian, M.; Vatandoost, H.; Moosa-Kazemi, S. H.; Raeisi, A.; Yaghoobi-Ershadi, M. R.; Oshaghi, M. A.; Sedaghat, M. M.",Susceptibility of Culicidae Mosquitoes to Some Insecticides Recommended by WHO in a Malaria Endemic Area of Southeastern Iran,2015,,Iran,Native,260,1495,5.75,,Larvae,,,,,Dipping,Aquatic larval collection,,n
"Hanafi-Bojd, A. A.; Vatandoost, H.; Oshaghi, M. A.; Haghdoost, A. A.; Shahi, M.; Sedaghat, M. M.; Abedi, F.; Yeryan, M.; Pakari, A.",Entomological and epidemiological attributes for malaria transmission and implementation of vector control in southern Iran,2012,,Iran,Native,313,480,1.533546326,0,Larvae,,,Clay beds,Non-vegetated areas,Dipping,Aquatic larval collection,,n
"Hanafi-Bojd, A. A.; Vatandoost, H.; Oshaghi, M. A.; Haghdoost, A. A.; Shahi, M.; Sedaghat, M. M.; Abedi, F.; Yeryan, M.; Pakari, A.",Entomological and epidemiological attributes for malaria transmission and implementation of vector control in southern Iran,2012,,Iran,Native,313,1,0.003194888,,Adult,,Indoor,,,Pit shelter,Aspiration targeting resting mosquitoes,r,n
"Herrel, N.; Amerasinghe, F. P.; Ensink, J.; Mukhtar, M.; van der Hoek, W.; Konradsen, F.","Adult anopheline ecology and malaria transmission in irrigated areas of South Punjab, Pakistan",2004,,Pakistan,Native,314,8512,27.10828025,,Adult,Indoor,Indoor,,,Pyrethroid spray catch,Pyrethrum spray catch ,r,n
"Herrel, N.; Amerasinghe, F. P.; Ensink, J.; Mukhtar, M.; van der Hoek, W.; Konradsen, F.","Adult anopheline ecology and malaria transmission in irrigated areas of South Punjab, Pakistan",2004,,Pakistan,Native,314,2557,8.143312102,,Adult,Outdoor,,,,Aspiration,Aspiration targeting resting mosquitoes,r,n
"Herrel, N.; Amerasinghe, F. P.; Ensink, J.; Mukhtar, M.; van der Hoek, W.; Konradsen, F.","Adult anopheline ecology and malaria transmission in irrigated areas of South Punjab, Pakistan",2004,,Pakistan,Native,314,130,0.414012739,,Adult,Outdoor,,,,Aspiration,Aspiration targeting resting mosquitoes,r,n
"Hewitt, S. E.; Farhan, M.; Urhaman, H.; Muhammad, N.; Kamal, M.; Rowland, M. W.",Self-protection from malaria vectors in Pakistan: An evaluation of popular existing methods and appropriate new techniques in Afghan refugee communities,1996,,Pakistan,Native,36,2925,81.25,,Adult,Indoor,,,,,,,n
"Hewitt, S.; Rowland, M.; Muhammad, N.; Kamal, M.; Kemp, E.",PYRETHROID-SPRAYED TENTS FOR MALARIA CONTROL - AN ENTOMOLOGICAL EVALUATION IN PAKISTAN,1995,,Pakistan,Native,52,664,12.76923077,,Adult,Outdoor,Indoor,,,Cow baited tents,Host seeking animal baited trap,b,n
"Khan, S. Y.; Butt, A.; Tahir, H. M.; Shafaat, S.","Response of Anopheles stephensi to Deltamethrin in Lahore District, Pakistan",2013,,Pakistan,Native,26,1200,46.15384615,,Adult,Indoor,Indoor,,,Aspiration,Aspiration targeting resting mosquitoes,r,n
"Khoobdel, M.; Azari-Hamidian, S.; Hanafi-Bojd, A. A.","Mosquito fauna (Diptera: Culicidae) of the Iranian islands in the Persian Gulf II. Greater Tonb, Lesser Tonb and Kish Islands",2012,,Iran,Native,129,13,0.100775194,,Adult,,,,,,,,n
"Khoobdel, M.; Azari-Hamidian, S.; Hanafi-Bojd, A. A.","Mosquito fauna (Diptera: Culicidae) of the Iranian islands in the Persian Gulf II. Greater Tonb, Lesser Tonb and Kish Islands",2012,,Iran,Native,92,21,0.22826087,0.000570652,Larvae,,,,,Dipping,Aquatic larval collection,,n
"Korgaonkar, N. S.; Kumar, A.; Yadav, R. S.; Kabadi, D.; Dash, A. P.","Sampling of adult mosquito vectors with Mosquito Magnet Pro in Panaji, Goa, India",2008,,India,Native,34,59,1.735294118,,Adult,Outdoor,,,,Commercial trap (Mosquito magnet can),Mechanical trap,b,n
"Korgaonkar, N. S.; Kumar, A.; Yadav, R. S.; Kabadi, D.; Dash, A. P.","Mosquito biting activity on humans & detection of Plasmodium falciparum infection in Anopheles stephensi in Goa, India",2012,,India,Native,85,55,0.647058824,,Adult,Indoor,,,,Human landing catch,Host seeking human baited trap,b,n
"Krishnan, J.; Mathiarasan, L.",Prevalence of disease vectors in Lakshadweep Islands during post-monsoon season,2018,,India,Native,79,202,2.556962025,,Adult,,,,,,,,n
"Krishnan, J.; Mathiarasan, L.",Prevalence of disease vectors in Lakshadweep Islands during post-monsoon season,2018,,India,Native,65,5,0.076923077,0.000334448,Larvae,,,Ponds,Wet vegetated areas,,Aquatic larval collection,,n
"Krishnan, J.; Mathiarasan, L.",Prevalence of disease vectors in Lakshadweep Islands during post-monsoon season,2018,,India,Native,65,10,0.153846154,0.000668896,Larvae,,,Pits,Waste water,,Aquatic larval collection,,n
"Krishnan, J.; Mathiarasan, L.",Prevalence of disease vectors in Lakshadweep Islands during post-monsoon season,2018,,India,Native,65,110,1.692307692,0.00735786,Larvae,,,Tree holes,Wet vegetated areas,,Aquatic larval collection,,n
"Krishnan, J.; Mathiarasan, L.",Prevalence of disease vectors in Lakshadweep Islands during post-monsoon season,2018,,India,Native,65,82,1.261538462,0.00548495,Larvae,,,Discarded aluminum pots,Discarded human goods,,Aquatic larval collection,,n
"Krishnan, J.; Mathiarasan, L.",Prevalence of disease vectors in Lakshadweep Islands during post-monsoon season,2018,,India,Native,65,78,1.2,0.005217391,Larvae,,,Cement tanks,Drinking water reservoirs,,Aquatic larval collection,,n
"Krishnan, J.; Mathiarasan, L.",Prevalence of disease vectors in Lakshadweep Islands during post-monsoon season,2018,,India,Native,65,130,2,0.008695652,Larvae,,,Unused wells,Waste water,,Aquatic larval collection,,n
"Krishnan, J.; Mathiarasan, L.",Prevalence of disease vectors in Lakshadweep Islands during post-monsoon season,2018,,India,Native,65,240,3.692307692,0.016053512,Larvae,,,Open sintex tanks,Drinking water reservoirs,,Aquatic larval collection,,n
"Krishnan, J.; Mathiarasan, L.",Prevalence of disease vectors in Lakshadweep Islands during post-monsoon season,2018,,India,Native,65,30,0.461538462,0.002006689,Larvae,,,Damaged boats,Discarded human goods,,Aquatic larval collection,,n
"Krishnan, J.; Mathiarasan, L.",Prevalence of disease vectors in Lakshadweep Islands during post-monsoon season,2018,,India,Native,65,527,8.107692308,0.035250836,Larvae,,,Discarded plastic containers,Discarded human goods,,Aquatic larval collection,,n
"Mojahedi, A. R.; Safari, R.; Yarian, M.; Pakari, A.; Raeisi, A.; Edalat, H.; Beniardelan, M.; Poudat, A.; Zaim, M.; Basseri, H. R.","Biting and resting behaviour of malaria vectors in Bandar-Abbas County, Islamic Republic of Iran",2020,,Iran,Native,313,102,0.325878594,,Adult,Indoor,Indoor,,,Pyrethrum spray catch ,Pyrethrum spray catch ,r,n
"Mojahedi, A. R.; Safari, R.; Yarian, M.; Pakari, A.; Raeisi, A.; Edalat, H.; Beniardelan, M.; Poudat, A.; Zaim, M.; Basseri, H. R.","Biting and resting behaviour of malaria vectors in Bandar-Abbas County, Islamic Republic of Iran",2020,,Iran,Native,313,20,0.063897764,,Adult,Outdoor,Outdoor,,,Outdoor resting collection,Aspiration targeting resting mosquitoes,r,n
"Mojahedi, A. R.; Safari, R.; Yarian, M.; Pakari, A.; Raeisi, A.; Edalat, H.; Beniardelan, M.; Poudat, A.; Zaim, M.; Basseri, H. R.","Biting and resting behaviour of malaria vectors in Bandar-Abbas County, Islamic Republic of Iran",2020,,Iran,Native,313,79,0.252396166,,Adult,,,,,Human landing catch,Host seeking human baited trap,b,n
"Mojahedi, A. R.; Safari, R.; Yarian, M.; Pakari, A.; Raeisi, A.; Edalat, H.; Beniardelan, M.; Poudat, A.; Zaim, M.; Basseri, H. R.","Biting and resting behaviour of malaria vectors in Bandar-Abbas County, Islamic Republic of Iran",2020,,Iran,Native,313,290,0.926517572,,Adult,Outdoor,,,,Cow landing catch,Host seeking animal baited trap,b,n
"Moosa-Kazemi, S. H.; Vatandoost, H.; Raeisi, A.; Akbarzadeh, K.","Deltamethrin Impregnated Bed Nets in a Malaria Control Program in Chabahar, Southeast Baluchistan, IR Iran",2007,,Iran,Native,236,3632,15.38983051,,Adult,Indoor,Indoor,,,Pyrethrum spray catch ,Pyrethrum spray catch ,r,n
"Mukhtar, M.; Ensink, J.; Van der Hoek, W.; Amerasinghe, F. P.; Konradsen, F.",Importance of waste stabilization ponds and wastewater irrigation in the generation of vector mosquitoes in Pakistan,2006,,Pakistan,Native,260,5530,21.26923077,0.078774929,Larvae,,,Waste ponds,Waste water,Dipping,Aquatic larval collection,,n
"Mukhtar, M.; Ensink, J.; Van der Hoek, W.; Amerasinghe, F. P.; Konradsen, F.",Importance of waste stabilization ponds and wastewater irrigation in the generation of vector mosquitoes in Pakistan,2006,,Pakistan,Native,260,9447,36.33461538,0.13457265,Larvae,,,Irrigated sites,Wet vegetated areas,Dipping,Aquatic larval collection,,n
"Mukhtar, M.; Ensink, J.; Van der Hoek, W.; Amerasinghe, F. P.; Konradsen, F.",Importance of waste stabilization ponds and wastewater irrigation in the generation of vector mosquitoes in Pakistan,2006,,Pakistan,Native,183,1250,6.830601093,,Adult,Indoor,Indoor,,,,,,n
"Nagpal, B. N.; Srivastava, A.; Kalra, N. L.; Subbarao, S. K.",Spiracular indices in Anopheles stephensi: A taxonomic tool to identify ecological variants,2003,,India,Native,261,2944,11.27969349,,Adult,Indoor,,,,Hand capture,Aspiration targeting resting mosquitoes,r,n
"Nagpal, B. N.; Srivastava, A.; Kalra, N. L.; Subbarao, S. K.",Spiracular indices in Anopheles stephensi: A taxonomic tool to identify ecological variants,2003,,India,Native,261,295,1.130268199,,Adult,Outdoor,,,,Hand capture,Aspiration targeting resting mosquitoes,r,n
"Ravishankaran, S.; Asokan, A.; Justin, Naja; Thomas, S.; Joshua, V.; Mathai, M. T.; Eapen, A.","Does the roof type of a house influence the presence of adult Anopheles stephensi, urban malaria vector? - evidence from a few slum settings in Chennai, India",2022,,India,Native,417,120,0.287769784,,Adult,Outdoor,,,,CDC light trap,Mechanical trap,b,n
"Ravishankaran, S.; Asokan, A.; Justin, Naja; Thomas, S.; Joshua, V.; Mathai, M. T.; Eapen, A.","Does the roof type of a house influence the presence of adult Anopheles stephensi, urban malaria vector? - evidence from a few slum settings in Chennai, India",2022,,India,Native,417,132,0.316546763,,Adult,Indoor,,,,CDC light trap,Mechanical trap,b,n
"Ravishankaran, S.; Asokan, A.; Justin, Naja; Thomas, S.; Mathai, M. T.; Eapen, A.","Are Dawn Collections of Anopheles stephensi a Better Method To Estimate the Resting Vector Density? A Study from Chennai, India",2021,,India,Native,627,8145,12.99043062,,Adult,Outdoor,Outdoor,,,Cattle baited,Host seeking animal baited trap,b,n
"Rowland, M.; Durrani, N.; Kenward, M.; Mohammed, N.; Urahman, H.; Hewitt, S",Control of malaria in Pakistan by applying deltamethrin insecticide to cattle: a community-randomised trial,2001,,Pakistan,Native,730,368,0.504109589,,Adult,Outdoor,,,,Pyrethrum spray catch ,Pyrethrum spray catch ,r,n
"Sanei-Dehkordi, A.; Soleimani-Ahmadi, M.; Jaberhashemi, S. A.; Zare, M.","Species composition, seasonal abundance and distribution of potential anopheline vectors in a malaria endemic area of Iran: field assessment for malaria elimination",2019,,Iran,Native,260,82,0.315384615,0.00525641,Larvae,,,Foothills,Dry vegetated areas,Dipping,Aquatic larval collection,,n
"Sanei-Dehkordi, A.; Soleimani-Ahmadi, M.; Jaberhashemi, S. A.; Zare, M.","Species composition, seasonal abundance and distribution of potential anopheline vectors in a malaria endemic area of Iran: field assessment for malaria elimination",2019,,Iran,Native,313,188,0.600638978,,Adult,Indoor,Indoor,,,Pyrethrum spray catch ,Pyrethrum spray catch ,r,n
"Soleimani-Ahmadi, M.; Vatandoost, H.; Shaeghi, M.; Raeisi, A.; Abedi, F.; Eshraghian, M. R.; Madani, A.; Safari, R.; Oshaghi, M. A.; Abtahi, M.; Hajjaran, H.","Field evaluation of permethrin long-lasting insecticide treated nets (Olyset (R)) for malaria control in an endemic area, southeast of Iran",2012,,Iran,Native,313,40,0.127795527,,Adult,Indoor,Indoor,,,Hand catch,Aspiration targeting resting mosquitoes,r,n
"Soleimani-Ahmadi, M.; Vatandoost, H.; Shaeghi, M.; Raeisi, A.; Abedi, F.; Eshraghian, M. R.; Madani, A.; Safari, R.; Oshaghi, M. A.; Abtahi, M.; Hajjaran, H.","Field evaluation of permethrin long-lasting insecticide treated nets (Olyset (R)) for malaria control in an endemic area, southeast of Iran",2012,,Iran,Native,313,158,0.504792332,,Adult,Indoor,Indoor,,,Pyrethrum spray catch ,Pyrethrum spray catch ,r,n
"Soleimani-Ahmadi, M.; Vatandoost, H.; Shaeghi, M.; Raeisi, A.; Abedi, F.; Eshraghian, M. R.; Madani, A.; Safari, R.; Oshaghi, M. A.; Abtahi, M.; Hajjaran, H.","Field evaluation of permethrin long-lasting insecticide treated nets (Olyset (R)) for malaria control in an endemic area, southeast of Iran",2012,,Iran,Native,313,92,0.293929713,,Adult,Outdoor,Outdoor,,,Pit shelter,Aspiration targeting resting mosquitoes,r,n
"Soleimani-Ahmadi, M.; Vatandoost, H.; Shaeghi, M.; Raeisi, A.; Abedi, F.; Eshraghian, M. R.; Madani, A.; Safari, R.; Oshaghi, M. A.; Abtahi, M.; Hajjaran, H.","Field evaluation of permethrin long-lasting insecticide treated nets (Olyset (R)) for malaria control in an endemic area, southeast of Iran",2012,,Iran,Native,313,218,0.696485623,,Adult,Outdoor,Outdoor,,,Night biting catch,Host seeking animal baited trap,b,n
"Soleimani-Ahmadi, M.; Vatandoost, H.; Shaeghi, M.; Raeisi, A.; Abedi, F.; Eshraghian, M. R.; Madani, A.; Safari, R.; Shahi, M.; Mojahedi, A.; Poorahmad-Garbandi, F.",Vector ecology and susceptibility in a malaria-endemic focus in southern Islamic Republic of Iran,2012,,Iran,Native,339,63,0.185840708,,Adult,Indoor,Indoor,,,Pyrethrum spray catch ,Pyrethrum spray catch ,r,n
"Soleimani-Ahmadi, M.; Vatandoost, H.; Shaeghi, M.; Raeisi, A.; Abedi, F.; Eshraghian, M. R.; Madani, A.; Safari, R.; Shahi, M.; Mojahedi, A.; Poorahmad-Garbandi, F.",Vector ecology and susceptibility in a malaria-endemic focus in southern Islamic Republic of Iran,2012,,Iran,Native,283,97,0.342756184,0.001428151,Larvae,,,,,Dipping,Aquatic larval collection,,n
"Soleimani-Ahmadi, M.; Vatandoost, H.; Shaeghi, M.; Raeisi, A.; Abedi, F.; Eshraghian, M. R.; Madani, A.; Safari, R.; Shahi, M.; Mojahedi, A.; Poorahmad-Garbandi, F.",Vector ecology and susceptibility in a malaria-endemic focus in southern Islamic Republic of Iran,2012,,Iran,Native,339,9,0.026548673,,Adult,Outdoor,Outdoor,,,Pit shelter,Aspiration targeting resting mosquitoes,r,n
"Soleimani-Ahmadi, M.; Vatandoost, H.; Shaeghi, M.; Raeisi, A.; Abedi, F.; Eshraghian, M. R.; Madani, A.; Safari, R.; Shahi, M.; Mojahedi, A.; Poorahmad-Garbandi, F.",Vector ecology and susceptibility in a malaria-endemic focus in southern Islamic Republic of Iran,2012,,Iran,Native,339,12,0.03539823,,Adult,,,,,Hand catch,Aspiration targeting resting mosquitoes,r,n
"Soleimani-Ahmadi, M.; Vatandoost, H.; Shaeghi, M.; Raeisi, A.; Abedi, F.; Eshraghian, M. R.; Madani, A.; Safari, R.; Shahi, M.; Mojahedi, A.; Poorahmad-Garbandi, F.",Vector ecology and susceptibility in a malaria-endemic focus in southern Islamic Republic of Iran,2012,,Iran,Native,339,6,0.017699115,,Adult,Outdoor,,,,Night biting catch,Host seeking animal baited trap,b,n
"Sanei-Dehkordi, A.; Soleimani-Ahmadi, M.; Jaberhashemi, S. A.; Zare, M.","Species composition, seasonal abundance and distribution of potential anopheline vectors in a malaria endemic area of Iran: field assessment for malaria elimination",2019,,Iran,Native,260,79,0.303846154,0.005064103,Larvae,,,Mountainous areas,Dry vegetated areas,Dipping,Aquatic larval collection,,n
"Soleimani-Ahmadi, M.; Vatandoost, H.; Zare, M.",Characterization of larval habitats for anopheline mosquitoes in a malarious area under elimination program in the southeast of Iran,2014,,Iran,Native,260,76,0.292307692,0.000221445,Larvae,,,Vegetative areas,Wet vegetated areas,Dipping,Aquatic larval collection,,n
"Soleimani-Ahmadi, M.; Vatandoost, H.; Zare, M.",Characterization of larval habitats for anopheline mosquitoes in a malarious area under elimination program in the southeast of Iran,2014,,Iran,Native,260,182,0.7,0.000530303,Larvae,,,Non-vegetative areas,Non-vegetated areas,Dipping,Aquatic larval collection,,n
"Soleimani-Ahmadi, M.; Vatandoost, H.; Zare, M.; Turki, H.; Alizadeh, A.",Topographical distribution of anopheline mosquitoes in an area under elimination programme in the south of Iran,2015,,Iran,Native,260,455,1.75,0.019444444,Larvae,,,Coastal plains,Wet vegetated areas,Dipping,Aquatic larval collection,,n
"Soleimani-Ahmadi, M.; Vatandoost, H.; Zare, M.; Turki, H.; Alizadeh, A.",Topographical distribution of anopheline mosquitoes in an area under elimination programme in the south of Iran,2015,,Iran,Native,260,331,1.273076923,0.014145299,Larvae,,,Foothills,Dry vegetated areas,Dipping,Aquatic larval collection,,n
"Soleimani-Ahmadi, M.; Vatandoost, H.; Zare, M.; Turki, H.; Alizadeh, A.",Topographical distribution of anopheline mosquitoes in an area under elimination programme in the south of Iran,2015,,Iran,Native,260,154,0.592307692,0.006581197,Larvae,,,Mountainous areas,Dry vegetated areas,Dipping,Aquatic larval collection,,n
"Sukumaran, D.; Ponmariappan, S.; Sharma, A. K.; Jha, H. K.; Wasu, Y. H.; Sharma, A. K",Application of biogenic carbon dioxide produced by yeast with different carbon sources for attraction of mosquitoes towards adult mosquito traps,2016,,India,Native,10,12,1.2,,Adult,,,,,Mosquito Killing System with biogenic CO2,Mechanical trap,b,n
"Sukumaran, D.; Ponmariappan, S.; Sharma, A. K.; Jha, H. K.; Wasu, Y. H.; Sharma, A. K",Application of biogenic carbon dioxide produced by yeast with different carbon sources for attraction of mosquitoes towards adult mosquito traps,2016,,India,Native,10,8,0.8,,Adult,,,,,Mosquito Killing System,Mechanical trap,b,n
"Sukumaran, D.; Ponmariappan, S.; Sharma, A. K.; Jha, H. K.; Wasu, Y. H.; Sharma, A. K",Application of biogenic carbon dioxide produced by yeast with different carbon sources for attraction of mosquitoes towards adult mosquito traps,2016,,India,Native,10,13,1.3,,Adult,,,,,Biogents Sentinel trap with biogenic CO2,Mechanical trap,b,n
"Sukumaran, D.; Ponmariappan, S.; Sharma, A. K.; Jha, H. K.; Wasu, Y. H.; Sharma, A. K",Application of biogenic carbon dioxide produced by yeast with different carbon sources for attraction of mosquitoes towards adult mosquito traps,2016,,India,Native,10,3,0.3,,Adult,,,,,Biogents Sentinel trap,Mechanical trap,b,n
"Sumodan, P. K.; Kumar, A.; Yadav, R. S.","Resting behavior and malaria vector incrimination of Anopheles stephensi in Goa, India",2004,,India,Native,444,38,0.085585586,,Adult,Indoor,Indoor,,,Aspiration,Aspiration targeting resting mosquitoes,r,n
"Surendran, S. N.; Jayadas, T. T. P.; Tharsan, A.; Thiruchenthooran, V.; Santhirasegaram, S.; Sivabalakrishnan, K.; Raveendran, S.; Ramasamy, R.","Anopheline bionomics, insecticide resistance and transnational dispersion in the context of controlling a possible recurrence of malaria transmission in Jaffna city in northern Sri Lanka",2020,,Sri Lanka,Invasive,370,120,0.324324324,0.006486486,Larvae,,,Water storage tanks,Drinking water reservoirs,Dipping,Aquatic larval collection,,i
"Surendran, S. N.; Jayadas, T. T. P.; Tharsan, A.; Thiruchenthooran, V.; Santhirasegaram, S.; Sivabalakrishnan, K.; Raveendran, S.; Ramasamy, R.","Anopheline bionomics, insecticide resistance and transnational dispersion in the context of controlling a possible recurrence of malaria transmission in Jaffna city in northern Sri Lanka",2020,,Sri Lanka,Invasive,370,642,1.735135135,0.034702703,Larvae,,,Wells,Drinking water reservoirs,Conical drop nets,Aquatic larval collection,,i
"Surendran, S. N.; Sivabalakrishnan, K.; Sivasingham, A.; Jayadas, T. T. P.; Karvannan, K.; Santhirasegaram, S.; Gajapathy, K.; Senthilnanthanan, M.; Karunaratne, Shpp; Ramasamy, R.",Anthropogenic Factors Driving Recent Range Expansion of the Malaria Vector Anopheles stephensi,2019,,Sri Lanka,Invasive,5,189,37.8,0.1512,Larvae,,,Wells,Drinking water reservoirs,Conical drop nets,Aquatic larval collection,,i
"Surendran, S. N.; Sivabalakrishnan, K.; Sivasingham, A.; Jayadas, T. T. P.; Karvannan, K.; Santhirasegaram, S.; Gajapathy, K.; Senthilnanthanan, M.; Karunaratne, Shpp; Ramasamy, R.",Anthropogenic Factors Driving Recent Range Expansion of the Malaria Vector Anopheles stephensi,2019,,Sri Lanka,Invasive,5,12,2.4,0.0096,Larvae,,,Cement tanks,Drinking water reservoirs,Dipping,Aquatic larval collection,,i
"Tadesse, F. G.; Ashine, T.; Teka, H.; Esayas, E.; Messenger, L. A.; Chali, W.; Meerstein-Kessel, L.; Walker, T.; Wolde Behaksra, S.; Lanke, K.; Heutink, R.; Jeffries, C. L.; Mekonnen, D. A.; Hailemeskel, E.; Tebeje, S. K.; Tafesse, T.; Gashaw, A.; Tsegaye, T.; Emiru, T.; Simon, K.; Bogale, E. A.; Yohannes, G.; Kedir, S.; Shumie, G.; Sabir, S. A.; Mumba, P.; Dengela, D.; Kolaczinski, J. H.; Wilson, A.; Churcher, T. S.; Chibsa, S.; Murphy, M.; Balkew, M.; Irish, S.; Drakeley, C.; Gadisa, E.; Bousema, T.","Anopheles stephensi Mosquitoes as Vectors of Plasmodium vivax and falciparum, Horn of Africa, 2019",2021,,Ethiopia,Invasive,130,10,0.076923077,9.05E-05,Larvae,,,Tyres,Discarded human goods,Dipping,Aquatic larval collection,,i
"Tadesse, F. G.; Ashine, T.; Teka, H.; Esayas, E.; Messenger, L. A.; Chali, W.; Meerstein-Kessel, L.; Walker, T.; Wolde Behaksra, S.; Lanke, K.; Heutink, R.; Jeffries, C. L.; Mekonnen, D. A.; Hailemeskel, E.; Tebeje, S. K.; Tafesse, T.; Gashaw, A.; Tsegaye, T.; Emiru, T.; Simon, K.; Bogale, E. A.; Yohannes, G.; Kedir, S.; Shumie, G.; Sabir, S. A.; Mumba, P.; Dengela, D.; Kolaczinski, J. H.; Wilson, A.; Churcher, T. S.; Chibsa, S.; Murphy, M.; Balkew, M.; Irish, S.; Drakeley, C.; Gadisa, E.; Bousema, T.","Anopheles stephensi Mosquitoes as Vectors of Plasmodium vivax and falciparum, Horn of Africa, 2020",2021,,Ethiopia,Invasive,130,16,0.123076923,0.000144796,Larvae,,,Steel tanks,Drinking water reservoirs,Dipping,Aquatic larval collection,,i
"Tadesse, F. G.; Ashine, T.; Teka, H.; Esayas, E.; Messenger, L. A.; Chali, W.; Meerstein-Kessel, L.; Walker, T.; Wolde Behaksra, S.; Lanke, K.; Heutink, R.; Jeffries, C. L.; Mekonnen, D. A.; Hailemeskel, E.; Tebeje, S. K.; Tafesse, T.; Gashaw, A.; Tsegaye, T.; Emiru, T.; Simon, K.; Bogale, E. A.; Yohannes, G.; Kedir, S.; Shumie, G.; Sabir, S. A.; Mumba, P.; Dengela, D.; Kolaczinski, J. H.; Wilson, A.; Churcher, T. S.; Chibsa, S.; Murphy, M.; Balkew, M.; Irish, S.; Drakeley, C.; Gadisa, E.; Bousema, T.","Anopheles stephensi Mosquitoes as Vectors of Plasmodium vivax and falciparum, Horn of Africa, 2021",2021,,Ethiopia,Invasive,130,38,0.292307692,0.000343891,Larvae,,,Cement tanks,Drinking water reservoirs,Dipping,Aquatic larval collection,,i
"Tadesse, F. G.; Ashine, T.; Teka, H.; Esayas, E.; Messenger, L. A.; Chali, W.; Meerstein-Kessel, L.; Walker, T.; Wolde Behaksra, S.; Lanke, K.; Heutink, R.; Jeffries, C. L.; Mekonnen, D. A.; Hailemeskel, E.; Tebeje, S. K.; Tafesse, T.; Gashaw, A.; Tsegaye, T.; Emiru, T.; Simon, K.; Bogale, E. A.; Yohannes, G.; Kedir, S.; Shumie, G.; Sabir, S. A.; Mumba, P.; Dengela, D.; Kolaczinski, J. H.; Wilson, A.; Churcher, T. S.; Chibsa, S.; Murphy, M.; Balkew, M.; Irish, S.; Drakeley, C.; Gadisa, E.; Bousema, T.","Anopheles stephensi Mosquitoes as Vectors of Plasmodium vivax and falciparum, Horn of Africa, 2022",2021,,Ethiopia,Invasive,130,4,0.030769231,3.62E-05,Larvae,,,Tyres,Discarded human goods,Dipping,Aquatic larval collection,,i
"Tadesse, F. G.; Ashine, T.; Teka, H.; Esayas, E.; Messenger, L. A.; Chali, W.; Meerstein-Kessel, L.; Walker, T.; Wolde Behaksra, S.; Lanke, K.; Heutink, R.; Jeffries, C. L.; Mekonnen, D. A.; Hailemeskel, E.; Tebeje, S. K.; Tafesse, T.; Gashaw, A.; Tsegaye, T.; Emiru, T.; Simon, K.; Bogale, E. A.; Yohannes, G.; Kedir, S.; Shumie, G.; Sabir, S. A.; Mumba, P.; Dengela, D.; Kolaczinski, J. H.; Wilson, A.; Churcher, T. S.; Chibsa, S.; Murphy, M.; Balkew, M.; Irish, S.; Drakeley, C.; Gadisa, E.; Bousema, T.","Anopheles stephensi Mosquitoes as Vectors of Plasmodium vivax and falciparum, Horn of Africa, 2023",2021,,Ethiopia,Invasive,130,5,0.038461538,4.52E-05,Larvae,,,Steel tanks,Drinking water reservoirs,Dipping,Aquatic larval collection,,i
"Tadesse, F. G.; Ashine, T.; Teka, H.; Esayas, E.; Messenger, L. A.; Chali, W.; Meerstein-Kessel, L.; Walker, T.; Wolde Behaksra, S.; Lanke, K.; Heutink, R.; Jeffries, C. L.; Mekonnen, D. A.; Hailemeskel, E.; Tebeje, S. K.; Tafesse, T.; Gashaw, A.; Tsegaye, T.; Emiru, T.; Simon, K.; Bogale, E. A.; Yohannes, G.; Kedir, S.; Shumie, G.; Sabir, S. A.; Mumba, P.; Dengela, D.; Kolaczinski, J. H.; Wilson, A.; Churcher, T. S.; Chibsa, S.; Murphy, M.; Balkew, M.; Irish, S.; Drakeley, C.; Gadisa, E.; Bousema, T.","Anopheles stephensi Mosquitoes as Vectors of Plasmodium vivax and falciparum, Horn of Africa, 2024",2021,,Ethiopia,Invasive,130,15,0.115384615,0.000135747,Larvae,,,Cement tanks,Drinking water reservoirs,Dipping,Aquatic larval collection,,i
"Thomas, S.; Ravishankaran, S.; Justin, Naja; Asokan, A.; Mathai, M. T.; Valecha, N.; Montgomery, J.; Thomas, M. B.; Eapen, A.","Resting and feeding preferences of Anopheles stephensi in an urban setting, perennial for malaria",2017,,India,Native,313,743,2.373801917,,Adult,Outdoor,Outdoor,,,Cattle baited,Host seeking animal baited trap,b,n
"Thomas, S.; Ravishankaran, S.; Justin, Naja; Asokan, A.; Mathai, M. T.; Valecha, N.; Montgomery, J.; Thomas, M. B.; Eapen, A.","Resting and feeding preferences of Anopheles stephensi in an urban setting, perennial for malaria",2017,,India,Native,313,52,0.166134185,,Adult,Indoor,Indoor,,,Human baited trap,Host seeking human baited trap,b,n
"Tyagi, B. K.; Yadav, S. P.","Bionomics of malaria vectors in two physiographically different areas of the epidemic-prone Thar Desert, north-western Rajasthan (India)",2001,,India,Native,30,865,28.83333333,,Adult,Indoor,Indoor,,,Aspiration,Aspiration targeting resting mosquitoes,r,n
"Tyagi, B. K.; Yadav, S. P.","Bionomics of malaria vectors in two physiographically different areas of the epidemic-prone Thar Desert, north-western Rajasthan (India)",2001,,India,Native,30,788,26.26666667,,Adult,Outdoor,Indoor,,,Aspiration,Aspiration targeting resting mosquitoes,r,n
"Tyagi, B. K.; Yadav, S. P.","Bionomics of malaria vectors in two physiographically different areas of the epidemic-prone Thar Desert, north-western Rajasthan (India)",2001,,India,Native,30,151,5.03,,Adult,Indoor,,,,Human baited trap,Host seeking human baited trap,b,n
"Tyagi, B. K.; Yadav, S. P.","Bionomics of malaria vectors in two physiographically different areas of the epidemic-prone Thar Desert, north-western Rajasthan (India)",2001,,India,Native,30,138,4.6,,Adult,Outdoor,,,,Cattle baited,Host seeking animal baited trap,b,n
"Yared, S.; Gebressielasie, A.; Damodaran, L.; Bonnell, V.; Lopez, K.; Janies, D.; Carter, T. E.","Insecticide resistance in Anopheles stephensi in Somali Region, eastern Ethiopia",2020,,Ethiopia,Invasive,44,1200,27.27272727,0.38961039,Larvae,,,Birkas,Drinking water reservoirs,Dipping,Aquatic larval collection,,i
"Yeryan, M.; Basseri, H. R.; Hanafi-Bojd, A. A.; Raeisi, A.; Edalat, H.; Safari, R","Bio-ecology of malaria vectors in an endemic area, Southeast of Iran",2016,,Iran,Native,313,1443,4.610223642,,Adult,Indoor,Indoor,,,Pyrethrum spray catch ,Pyrethrum spray catch ,r,n
"Yeryan, M.; Basseri, H. R.; Hanafi-Bojd, A. A.; Raeisi, A.; Edalat, H.; Safari, R","Bio-ecology of malaria vectors in an endemic area, Southeast of Iran",2016,,Iran,Native,313,58,0.185303514,,Adult,Outdoor,,,,Hand catch,Aspiration targeting resting mosquitoes,r,n
"Yeryan, M.; Basseri, H. R.; Hanafi-Bojd, A. A.; Raeisi, A.; Edalat, H.; Safari, R","Bio-ecology of malaria vectors in an endemic area, Southeast of Iran",2016,,Iran,Native,313,63,0.201277955,,Adult,Indoor,Outdoor,,,Window exit trap,Passive trap,r,n
"Yeryan, M.; Basseri, H. R.; Hanafi-Bojd, A. A.; Raeisi, A.; Edalat, H.; Safari, R","Bio-ecology of malaria vectors in an endemic area, Southeast of Iran",2016,,Iran,Native,313,19,0.060702875,,Adult,Outdoor,Indoor,,,Entrance trap,Passive trap,r,n
"Yeryan, M.; Basseri, H. R.; Hanafi-Bojd, A. A.; Raeisi, A.; Edalat, H.; Safari, R","Bio-ecology of malaria vectors in an endemic area, Southeast of Iran",2016,,Iran,Native,260,1796,6.907692308,,Larvae,,,,,Dipping,Aquatic larval collection,,n
"Ghosh, A., Mandal, S. and CHANDRA, G., 2010. ","Seasonal distribution, parity, resting, host?seeking behavior and association of malarial parasites of Anopheles stephensi Liston in Kolkata, West Bengal. Entomological Research, 40(1), pp.46-54.",2010,,India,Native,261,59,0.22605364,,Adult,,Indoor,,,Hand collection,Aspiration targeting resting mosquitoes,r,n
"Ghosh, A., Mandal, S. and CHANDRA, G., 2010. ","Seasonal distribution, parity, resting, host?seeking behavior and association of malarial parasites of Anopheles stephensi Liston in Kolkata, West Bengal. Entomological Research, 40(1), pp.46-54.",2010,,India,Native,24,23,0.958333333,,Adult,Indoor,,,,Human landing catch,Host seeking human baited trap,b,n
"Ghosh, A., Mandal, S. and CHANDRA, G., 2010. ","Seasonal distribution, parity, resting, host?seeking behavior and association of malarial parasites of Anopheles stephensi Liston in Kolkata, West Bengal. Entomological Research, 40(1), pp.46-54.",2010,,India,Native,24,11,0.458333333,,Adult,Outdoor,,,,Human landing catch,Host seeking human baited trap,b,n
"Reisen, W.K. and Aslamkhan, M., 1979."," A release—recapture experiment with the malaria vector, Anopheles stephensi Liston, with observations on dispersal, survivorship, population size, gonotrophic rhythm and mating behaviour. Annals of Tropical Medicine & Parasitology, 73(3), pp.251-269.",1979,,Pakistan,Native,15,2468,164.5333333,,Adult,,Indoor,,,Mouth aspirator,Aspiration targeting resting mosquitoes,r,n
"Reisen, W.K. and Aslamkhan, M., 1979."," A release—recapture experiment with the malaria vector, Anopheles stephensi Liston, with observations on dispersal, survivorship, population size, gonotrophic rhythm and mating behaviour. Annals of Tropical Medicine & Parasitology, 73(3), pp.251-269.",1979,,Pakistan,Native,15,202,13.46666667,,Adult,Outdoor,,,,Animal baited trap,Host seeking animal baited trap,b,n
"Tananchai, C., Pattanakul, M., Nararak, J., Sinou, V., Manguin, S. and Chareonviriyaphap, T., 2019."," Diversity and biting patterns of Anopheles species in a malaria endemic area, Umphang Valley, Tak Province, western Thailand. Acta tropica, 190, pp.183-192.",2019,,Thailand,Native,55,1,0.018181818,,Adult,Indoor,,,,Human landing catch,Host seeking human baited trap,b,n
"Shahandeh, K.H., Basseri, H.R., Pakari, A. and Riazi, A., 2010."," Mosquito vector biting and community protection in a malarious area, siahoo district, hormozgan, iran. Iranian Journal of Arthropod-borne Diseases, 4(2), p.35.",2010,,Iran,Native,1,4.1,4.1,,Adult,,,,,Human landing catch,Host seeking human baited trap,b,n
"Reisen, W.K. and Boreham, P.F., 1982."," Estimates of malaria vectorial capacity for Anopheles culicifacies and Anopheles stephensi in rural Punjab Province, Pakistan. Journal of Medical Entomology, 19(1), pp.98-103.",1982,,Pakistan,Native,155,4,0.0258,,Adult,Indoor,,,,Human landing catch,Host seeking human baited trap,b,n
"Reisen, W.K. and Boreham, P.F., 1982."," Estimates of malaria vectorial capacity for Anopheles culicifacies and Anopheles stephensi in rural Punjab Province, Pakistan. Journal of Medical Entomology, 19(1), pp.98-103.",1983,,Pakistan,Native,155,421,2.72,,Adult,Indoor,,,,Bovid landing,Host seeking animal baited trap,b,n
